Price,Close,High,Low,Open,Volume
Ticker,AAPL,AAPL,AAPL,AAPL,AAPL
Date,,,,,
2010-01-04,6.440332889556885,6.455078692942698,6.391280391994116,6.422878599505574,493729600
2010-01-05,6.451467037200928,6.487880327929836,6.417460888104832,6.458087781621806,601904800
2010-01-06,6.348846912384033,6.477045767122851,6.342226169002906,6.45146602403412,552160000
2010-01-07,6.337109565734863,6.37984305187511,6.291066511579937,6.372319480055896,477131200
2010-01-08,6.379238128662109,6.379840415951691,6.291365658669688,6.328680952304085,447610800
2010-01-11,6.3229660987854,6.409936173343546,6.273010388314571,6.403917316228298,462229600
2010-01-12,6.251043319702148,6.31273581891602,6.211921942817776,6.2952807265747985,594459600
2010-01-13,6.339215278625488,6.347641677883672,6.142102947856913,6.255555984254763,605892000
2010-01-14,6.302502155303955,6.333498868494199,6.290163899676365,6.322966270050092,432894000
2010-01-15,6.197175979614258,6.3678070063030505,6.195370322018221,6.34764382981397,594067600
2010-01-19,6.47132682800293,6.475840970783041,6.236597430330016,6.269398995820248,730007600
2010-01-20,6.37171745300293,6.486674406258934,6.304608403474319,6.467414465836276,612152800
2010-01-21,6.261573314666748,6.419264135504842,6.23569303614258,6.38224937460997,608154400
2010-01-22,5.951009750366211,6.244422252842924,5.933254922521883,6.222755167225841,881767600
2010-01-25,6.111105918884277,6.160157990546616,6.024436397148507,6.094253523041011,1065699600
2010-01-26,6.197476387023926,6.431303802197153,6.096361981140937,6.197777329930594,1867110000
2010-01-27,6.255858898162842,6.337111082500454,6.00457676256513,6.224862176641611,1722568400
2010-01-28,5.99735164642334,6.184233107244259,5.9795968248137825,6.167080171234537,1173502400
2010-01-29,5.779776096343994,6.0849253109659465,5.725306646729277,6.05122051588178,1245952400
2010-02-01,5.860126972198486,5.898345917430051,5.756905966858612,5.789106054008692,749876400
2010-02-02,5.894130706787109,5.907974075653729,5.819498900991906,5.895635822587143,698342400
2010-02-03,5.995548248291016,6.024739309087206,5.85079792134205,5.87336823804586,615328000
2010-02-04,5.779477119445801,5.969668227613342,5.765031858963543,5.920314391218215,757652000
2010-02-05,5.882094860076904,5.898345776508649,5.743363398956661,5.796930431016203,850306800
2010-02-08,5.841768264770508,5.954920355107196,5.838156950905818,5.88901548424789,478270800
2010-02-09,5.904062747955322,5.94348505576787,5.860727781315687,5.910984031684571,632886800
2010-02-10,5.871862888336182,5.916402032892487,5.845982604178523,5.8950346865672,370361600
2010-02-11,5.978694915771484,6.011196343551841,5.839963468695428,5.864640381948894,550345600
2010-02-12,6.030156135559082,6.068074138129889,5.883299211771938,5.961843301274669,655468800
2010-02-16,6.121038913726807,6.129765856250115,6.0644628525037625,6.0771020528240065,543737600
2010-02-17,6.095458507537842,6.1484228428450285,6.044599566837009,6.144811528585121,436396800
2010-02-18,6.106893062591553,6.13578317265521,6.046404758770525,6.067770896245389,422825200
2010-02-19,6.06897497177124,6.115018420716437,6.052122575252121,6.074693287277048,415469600
2010-02-22,6.03135871887207,6.093953629779706,5.994343951639114,6.08913894570441,390563600
2010-02-23,5.9302449226379395,6.058744727114363,5.8896188369192135,6.0187201253967535,575094800
2010-02-24,6.0385823249816895,6.062055067240381,5.953717633845612,5.965454406767876,460566400
2010-02-25,6.078907012939453,6.104787296426052,5.92512882100587,5.939874619986777,665126000
2010-02-26,6.15775203704834,6.174303493267834,6.078907013299251,6.090342440678554,507460800
2010-03-01,6.289261341094971,6.304608623247241,6.182729578466092,6.191757462401463,550093600
2010-03-02,6.285048484802246,6.3446335666957125,6.251644227573834,6.317549109822682,566546400
2010-03-03,6.299491882324219,6.3157427958339145,6.257662434350281,6.2877559150418,372052800
2010-03-04,6.341022491455078,6.347342292449356,6.278427572700077,6.297989263284817,366041200
2010-03-05,6.58899450302124,6.611564820029536,6.458989975276706,6.468319205714553,899620400
2010-03-08,6.592905521392822,6.623299544951842,6.5679276657418955,6.620892403858564,429889600
2010-03-09,6.711474418640137,6.771059499877591,6.55709434208007,6.56973354085879,920259200
2010-03-10,6.7662434577941895,6.785503798800632,6.716890441136493,6.735849437521882,596218000
2010-03-11,6.786106109619141,6.786106109619141,6.720502570151375,6.738258200231668,405700400
2010-03-12,6.819209098815918,6.85321443555439,6.793629358308343,6.84238049293303,416323600
2010-03-15,6.736151695251465,6.7861062055239385,6.628115207793797,6.782495694466113,493502800
2010-03-16,6.754508018493652,6.770457588790943,6.696126708957758,6.746382962806636,446908000
2010-03-17,6.744577407836914,6.814695088558323,6.718998067116694,6.768050148437816,450956800
2010-03-18,6.760525703430176,6.7710583002475655,6.699134574052002,6.743973446678471,342109600
2010-03-19,6.6883015632629395,6.778281463826486,6.657605795250324,6.764739437763981,559445600
2010-03-22,6.763535499572754,6.801152952005805,6.625105010364175,6.634735181046002,456419600
2010-03-23,6.872173309326172,6.884812908822983,6.743974068044185,6.7903184626134605,602431200
2010-03-24,6.90256929397583,6.927547152525729,6.846594718962101,6.850507378399074,597780400
2010-03-25,6.820713520050049,6.950718422822485,6.808675805834343,6.949213306752657,542284400
2010-03-26,6.948612213134766,6.980210007520138,6.877891847613057,6.889929561808852,640875200
2010-03-29,6.993451118469238,7.037989860139587,6.970279722599785,7.011809035536611,540744400
2010-03-30,7.097574710845947,7.146627995812646,7.049424656262791,7.120145023819747,527310000
2010-03-31,7.071995258331299,7.120446659551521,7.055745146620758,7.086741861041226,430659600
2010-04-01,7.101183891296387,7.184241685921557,7.004282729107601,7.144518847040459,603145200
2010-04-05,7.177022933959961,7.177624819763749,7.065074585213001,7.071394787945699,684507600
2010-04-06,7.208621978759766,7.2296871795977955,7.132184084164729,7.168296431019854,447017200
2010-04-07,7.240521430969238,7.280245094548586,7.182139305539531,7.2089228247898225,628502000
2010-04-08,7.220955848693848,7.2688045385728195,7.1634769912159655,7.235701641036974,572989200
2010-04-09,7.276331901550293,7.279342134246399,7.2363076997630795,7.265498760339351,334182800
2010-04-12,7.291377544403076,7.31485028303942,7.276932287651042,7.288668656969214,333026400
2010-04-13,7.295589923858643,7.306725211038815,7.255866271467978,7.278437386883773,306210800
2010-04-14,7.39369535446167,7.39730666847978,7.344944222388529,7.381357100025964,404076400
2010-04-15,7.4908976554870605,7.494207624777777,7.388278160861373,7.396403215364516,376784800
2010-04-16,7.445156574249268,7.557706801870208,7.359389861454872,7.480365686224217,750545600
2010-04-19,7.435225486755371,7.459901998363757,7.275728980941122,7.434021715282486,566924400
2010-04-20,7.360592842102051,7.500828996338534,7.311540362762956,7.479462455708358,738326400
2010-04-21,7.800863265991211,7.831859982136367,7.695836205437468,7.788223664501901,982391200
2010-04-22,8.01904296875,8.027469371139311,7.709981397308429,7.77137295398745,793424800
2010-04-23,8.150248527526855,8.190874607669185,8.034990226339765,8.064782363676516,796955600
2010-04-26,8.110227584838867,8.19930429508673,8.070804456727203,8.181850406043225,479068800
2010-04-27,7.885727882385254,8.060270767208896,7.839986163318328,8.043117421662314,709343600
2010-04-28,7.872486114501953,7.944709998402514,7.716300368440147,7.92214048670062,758402400
2010-04-29,8.084343910217285,8.125270530709297,7.8848232200794355,7.915217242597978,558840800
2010-04-30,7.857136249542236,8.142422802046264,7.8544281660365485,8.104504811452983,542463600
2010-05-03,8.015429496765137,8.061473352782082,7.911004332788278,7.939894847492478,454342000
2010-05-04,7.784611701965332,7.923343551359655,7.726531737490937,7.911306640243074,723819600
2010-05-05,7.703663349151611,7.768364887758736,7.485183556091306,7.614586633305555,883103200
2010-05-06,7.410550594329834,7.771673275656242,5.996150546285127,7.638659713182408,1285860800
2010-05-07,7.097873687744141,7.420176593106852,6.777377242750421,7.3341093638539885,1676018400
2010-05-10,7.64347505569458,7.66333729208933,7.479164208904621,7.530925597135193,984306400
2010-05-11,7.719607353210449,7.8210222463002745,7.538443837622527,7.578768558509831,848906800
2010-05-12,7.887230396270752,7.9185276476788005,7.785213587254537,7.801462893253,654379600
2010-05-13,7.774984359741211,7.974805654353575,7.71600034591585,7.921238613555784,599712400
2010-05-14,7.638357639312744,7.7184068449372605,7.508353518588615,7.678683185030251,759362800
2010-05-17,7.650393486022949,7.709377477452184,7.45448412230176,7.6648387419449655,762834800
2010-05-18,7.594420909881592,7.780700132014683,7.5312237089608605,7.7334533054527785,782678400
2010-05-19,7.473443508148193,7.611272117906675,7.368417266961581,7.508352074858888,1025726800
2010-05-20,7.155055046081543,7.338324846916724,7.108409299785181,7.279039499202624,1282915200
2010-05-21,7.292278289794922,7.357882201350184,6.962150927415306,7.0063883057653245,1223891200
2010-05-24,7.425895690917969,7.550483624833846,7.410849351427251,7.4415447197174895,754238800
2010-05-25,7.379553318023682,7.425896919193128,7.136998956611787,7.202903445223216,1048006400
2010-05-26,7.346147060394287,7.587498388161193,7.335313118531306,7.525806313486594,850654000
2010-05-27,7.624212741851807,7.640463656640626,7.496616180815965,7.54145546253981,666282400
2010-05-28,7.730443954467773,7.806279953467251,7.62421312621644,7.805979412378519,815614800
2010-06-01,7.849310398101807,8.003088532138612,7.7930353074290215,7.815003727089347,876472800
2010-06-02,7.943206787109375,7.96878572871434,7.834267062420856,7.9609612131663665,688548000
2010-06-03,7.918229103088379,7.991356221826189,7.836674779218719,7.980220932276076,650106800
2010-06-04,7.702754497528076,7.881509666121211,7.662730317916221,7.770464606028787,758304400
2010-06-07,7.551687717437744,7.798755790367474,7.539950543546073,7.772875506761068,886942000
2010-06-08,7.503235816955566,7.63775444586786,7.392491269193407,7.620901647832349,1000770400
2010-06-09,7.318760871887207,7.58057628370052,7.2973951386837275,7.56763534163986,854630000
2010-06-10,7.5387468338012695,7.552889942124284,7.2886685531508695,7.368115856984002,776356000
2010-06-11,7.629027366638184,7.639559963425404,7.444252495190877,7.470132773830475,545759200
2010-06-14,7.652198314666748,7.798753841708821,7.64407326088298,7.702755901335308,602960400
2010-06-15,7.815006732940674,7.8198218189467745,7.688914480706143,7.6931276809614815,585074000
2010-06-16,8.042513847351074,8.057560185892006,7.843293703523002,7.857437615329184,783678000
2010-06-17,8.18154525756836,8.212541964886373,8.110223017711197,8.143325922884719,872855200
2010-06-18,8.247754096984863,8.275742192825275,8.168006225061971,8.192984087848945,784621600
2010-06-21,8.130386352539062,8.396413383758123,8.087051388900488,8.3566897340549,776490400
2010-06-22,8.241129875183105,8.3049281395837,8.170410328395342,8.190271748978335,717262000
2010-06-23,8.154459953308105,8.265505833940278,8.062072525670393,8.26309829161841,768457200
2010-06-24,8.09517765045166,8.221570430144858,8.068092794586807,8.155363808283136,714277200
2010-06-25,8.025961875915527,8.133396465573096,7.99917836376624,8.127077067447024,549942400
2010-06-28,8.074112892150879,8.117749209290096,7.9603588907956215,8.032884118125159,584948000
2010-06-29,7.709074020385742,7.956443335166432,7.652798931655227,7.948317479144113,1133344800
2010-06-30,7.5694427490234375,7.763245133552295,7.523701040482846,7.725327135955647,739452000
2010-07-01,7.477655410766602,7.6678472393889585,7.319363518432726,7.652800099630241,1022896000
2010-07-02,7.431312561035156,7.551385935612834,7.318761551701027,7.538143647732431,693842800
2010-07-06,7.482170581817627,7.60766012179175,7.407838910555691,7.553492021289863,615235600
2010-07-07,7.784311771392822,7.787322004201004,7.515877917039111,7.538146086112127,654556000
2010-07-08,7.766853332519531,7.911603980706668,7.670554064615606,7.898964385382513,738144400
2010-07-09,7.812898635864258,7.821324230741509,7.678680556820095,7.730742456229965,433322400
2010-07-12,7.742781639099121,7.880008368647031,7.66965453322689,7.780097750080197,562878400
2010-07-13,7.577566146850586,7.715996620824965,7.415963479015983,7.71358988200504,1190924000
2010-07-14,7.605554580688477,7.69794203532957,7.4933056996723675,7.50474233262953,812047600
2010-07-15,7.5670318603515625,7.733148231297853,7.442143438512028,7.470130710931677,824866000
2010-07-16,7.520393371582031,7.6729678517581785,7.475554071338446,7.619100261791898,1039858400
2010-07-19,7.390388011932373,7.519791080223542,7.210428934677753,7.519791080223542,1024478000
2010-07-20,7.580275058746338,7.610669883145072,7.222763811895797,7.309734281836211,1074950800
2010-07-21,7.650994777679443,7.9793157475196494,7.643772953864787,7.977510090669584,1185671200
2010-07-22,7.79484224319458,7.824333834892795,7.6831944700127055,7.754516710371697,645318800
2010-07-23,7.822533130645752,7.8357746226260305,7.712390403568139,7.736766384738777,533388800
2010-07-26,7.802667617797852,7.827344127276543,7.75542079694336,7.824334698854057,420551600
2010-07-27,7.947118759155273,7.968785845095622,7.83336474990022,7.85051809398221,584771600
2010-07-28,7.8532280921936035,8.004599600305413,7.831862345749495,7.934782435322824,519985200
2010-07-29,7.767460346221924,7.904085228681479,7.706972823342153,7.845703904620232,643806800
2010-07-30,7.741576194763184,7.81530517042194,7.670855843462644,7.700649581898874,448210000
2010-08-02,7.880007266998291,7.902276231895608,7.812899027696188,7.837575535132202,428055600
2010-08-03,7.882413864135742,7.922438048662712,7.806879235007677,7.854727931846954,417653600
2010-08-04,7.914013862609863,7.953134823961607,7.833664134684315,7.909800662922762,420375200
2010-08-05,7.875494480133057,7.920033218906279,7.840886453741603,7.876396906901524,289097200
2010-08-06,7.82704496383667,7.869176165581139,7.753013815199255,7.817715332292042,444897600
2010-08-09,7.877002239227295,7.88903995864552,7.8113982755701175,7.868876376826955,303128000
2010-08-10,7.806578159332275,7.837876209659571,7.750603603678632,7.819819642163055,451920000
2010-08-11,7.529118537902832,7.694633929374537,7.5176835105414925,7.685906986497225,620054400
2010-08-12,7.577267646789551,7.616689958919821,7.4066366489746125,7.423789991441341,534920400
2010-08-13,7.496312141418457,7.579971808495275,7.496010796899747,7.573050527589555,354869200
2010-08-16,7.452378273010254,7.523700522084271,7.421682102739527,7.450572615935505,318430000
2010-08-17,7.582684516906738,7.662733715205866,7.499324545159913,7.5258075183983415,422640400
2010-08-18,7.615784168243408,7.663934209550413,7.5709448993155295,7.59441843620064,339696000
2010-08-19,7.5197906494140625,7.6281277032812635,7.483678298124996,7.608867354014561,426706000
2010-08-20,7.512566089630127,7.641366427938438,7.493305745308409,7.505042919422353,384230000
2010-08-23,7.397006511688232,7.583587081323963,7.380455858492645,7.577267682570318,414041600
2010-08-24,7.220358371734619,7.312745035996018,7.181838481405396,7.302815124974881,602565600
2010-08-25,7.30943489074707,7.342538611288239,7.138202792397392,7.163481193588399,596867600
2010-08-26,7.230890274047852,7.3955024199210495,7.230890274047852,7.386474133156365,466505200
2010-08-27,7.271214485168457,7.30100742423784,7.088847143879617,7.2751271438421945,548391200
2010-08-30,7.297698020935059,7.3955024523501125,7.242927217908296,7.245334761056102,383289200
2010-08-31,7.315754413604736,7.35969127137969,7.232997128910288,7.278136954643562,420786800
2010-09-01,7.53333044052124,7.567335779204132,7.411451391611926,7.447262387501624,697037600
2010-09-02,7.5887041091918945,7.5887041091918945,7.480367062012717,7.561318703561898,415427600
2010-09-03,7.7873215675354,7.787622108647822,7.658821759500446,7.676576989123307,520788800
2010-09-07,7.758432865142822,7.810193444449533,7.711486569364436,7.723222942412541,342557600
2010-09-08,7.91220760345459,7.956444991424032,7.797249056483754,7.817713167692289,526551200
2010-09-09,7.916721820831299,8.020544284639195,7.912208080173794,7.97600635296721,438575200
2010-09-10,7.926952838897705,7.959755201281345,7.866464543363563,7.9203320975043,387542400
2010-09-13,8.0361909866333,8.073507083173483,7.9976719227067505,7.999476775579013,388780000
2010-09-14,8.066892623901367,8.100296088999231,7.99045471484695,8.011219378485539,408150400
2010-09-15,8.131888389587402,8.136704277072711,8.06026562374757,8.070197136083785,429368800
2010-09-16,8.322989463806152,8.325998893721003,8.110227992135796,8.132497773505692,652103200
2010-09-17,8.286872863769531,8.364815042117808,8.23601473456965,8.356689184504807,634477200
2010-09-20,8.523408889770508,8.539960343598944,8.301317903130025,8.308239186415179,658677600
2010-09-21,8.539661407470703,8.64739656005191,8.510169805449861,8.542370295492836,668074400
2010-09-22,8.659433364868164,8.666354649376625,8.498733079866723,8.50776136634676,585289600
2010-09-23,8.694643020629883,8.810202684045445,8.60677010415163,8.616700818107956,786116800
2010-09-24,8.796957015991211,8.833370687974792,8.743692156703583,8.790337078890078,649488000
2010-09-27,8.762051582336426,8.869485372854106,8.757537841143261,8.846915863302524,482834800
2010-09-28,8.63265323638916,8.780412633603785,8.275743676985833,8.780412633603785,1035042400
2010-09-29,8.647998809814453,8.721427276835238,8.606770834191735,8.643785608836188,469644000
2010-09-30,8.539057731628418,8.727142576249824,8.463823633062727,8.697049097540676,673391600
2010-10-01,8.502043724060059,8.624223318221764,8.46683380911633,8.611283176256753,448142800
2010-10-04,8.385281562805176,8.513479217992414,8.359099129178627,8.474358248860952,435302000
2010-10-05,8.695242881774902,8.710589759380465,8.480975623534793,8.486393397585305,501967200
2010-10-06,8.702765464782715,8.787027844735043,8.584497752548225,8.714803177228935,670868800
2010-10-07,8.703667640686035,8.741585626712808,8.634151868693959,8.737372427867,408399600
2010-10-08,8.849627494812012,8.86256764143305,8.727147315495193,8.778606557199932,658403200
2010-10-11,8.888444900512695,8.94502135905195,8.865574848527366,8.86978804889838,427753200
2010-10-12,8.984142303466797,9.013032817637619,8.802075491755215,8.889949198520005,558544000
2010-10-13,9.032295227050781,9.087065237065927,9.022063166697144,9.034100884760248,630092400
2010-10-14,9.097596168518066,9.102410450848314,9.040116482188532,9.078937710593513,435296400
2010-10-15,9.471659660339355,9.479484175569112,9.175839626555433,9.251976169634256,922194000
2010-10-18,9.56976318359375,9.599855858683123,9.458115405370824,9.583907094463438,1093010800
2010-10-19,9.313668251037598,9.442468595003636,9.028682161613037,9.13039844877275,1232784000
2010-10-20,9.344963073730469,9.456911390094946,9.234821217840665,9.298920028438026,721624400
2010-10-21,9.314571380615234,9.471659551259009,9.232716521710588,9.400036750613898,551460000
2010-10-22,9.252882957458496,9.330223301845294,9.217673830766884,9.301032231750588,372778000
2010-10-25,9.294109344482422,9.377167189952798,9.282071626188454,9.301633320209152,392462000
2010-10-26,9.270331382751465,9.32118951152522,9.198105912984897,9.234820935272246,392929600
2010-10-27,9.263713836669922,9.32600700996104,9.196604773241758,9.258296864299853,399002800
2010-10-28,9.185770988464355,9.268828814894825,9.055164989258502,9.267323698660107,551051200
2010-10-29,9.057571411132812,9.205030206915596,9.05426063768403,9.155375837455953,430511200
2010-11-01,9.153873443603516,9.19660654137514,9.094288343248705,9.094890229183319,423889200
2010-11-02,9.309755325317383,9.334733182949382,9.238735215300382,9.238735215300382,433930000
2010-11-03,9.413277626037598,9.41568516900103,9.284777832914545,9.370243197359114,508348400
2010-11-04,9.577888488769531,9.635367364013772,9.48038461886355,9.49302421774394,642488000
2010-11-05,9.54358196258545,9.617010413411847,9.532146937466603,9.569463048601097,361253200
2010-11-08,9.588421821594238,9.62302904437638,9.532447254415652,9.545688739972801,281758400
2010-11-09,9.511984825134277,9.669073794908215,9.464437457036704,9.661549821079054,383544000
2010-11-10,9.570664405822754,9.592933368307499,9.435844449018726,9.528833760537555,384227200
2010-11-11,9.52914047241211,9.581804279584015,9.456914973071234,9.479485290942895,361284000
2010-11-12,9.269730567932129,9.5246231489525,9.137319724607124,9.509576809213963,795846800
2010-11-15,9.239940643310547,9.345268261058605,9.216768438832222,9.282673737004137,403606000
2010-11-16,9.075929641723633,9.256791913820411,9.007616805433663,9.200216253002166,657650000
2010-11-17,9.043124198913574,9.148150418690927,8.960667482710647,9.06418939035059,479449600
2010-11-18,9.281763076782227,9.319079167711458,9.169213722184447,9.184560594389078,494491200
2010-11-19,9.230609893798828,9.280866148709533,9.18577061065584,9.2679260068351,384843200
2010-11-22,9.430129051208496,9.430129051208496,9.204728097443807,9.229103261014307,393075200
2010-11-23,9.290796279907227,9.381680227037105,9.225493683225036,9.34255765222572,519447600
2010-11-24,9.473464965820312,9.491521538756755,9.381680199277035,9.389202565955186,413725200
2010-11-26,9.479479789733887,9.560732726201321,9.417487189536283,9.441561806288114,237585600
2010-11-29,9.535758972167969,9.554115282675543,9.370544945327572,9.494530198937587,445785200
2010-11-30,9.363625526428223,9.46022620227611,9.355199124014646,9.435548880922061,501858000
2010-12-01,9.521615982055664,9.562242069874282,9.479484777881238,9.487609834727785,461750800
2010-12-02,9.574275016784668,9.599853946232013,9.476169283330517,9.555616565500138,462837200
2010-12-03,9.552910804748535,9.58932368250341,9.519807896394765,9.539970664601407,342092800
2010-12-06,9.634466171264648,9.700070109541494,9.582403456715472,9.589024199834114,448481600
2010-12-07,9.576086044311523,9.750026237170536,9.573377959721494,9.744309526852,391454000
2010-12-08,9.660348892211914,9.660650236974938,9.542984348253691,9.618819565937113,321935600
2010-12-09,9.62272834777832,9.705184277566975,9.600458576973983,9.694050597543374,294151200
2010-12-10,9.646803855895996,9.661549655040755,9.587819855731174,9.619418455947535,262511200
2010-12-13,9.680207252502441,9.782225681578524,9.660045285289758,9.761461025031066,439815600
2010-12-14,9.638681411743164,9.706392371874252,9.599860171977047,9.68201639408362,351008000
2010-12-15,9.640785217285156,9.720231721047272,9.605575304688777,9.62995047081042,417312000
2010-12-16,9.667569160461426,9.708496590792379,9.632961932748778,9.662754074118274,322030800
2010-12-17,9.648308753967285,9.683819208979651,9.636872924927209,9.67900412306804,386929200
2010-12-20,9.696459770202637,9.727757834322855,9.576687700701603,9.678102653617387,385610400
2010-12-21,9.756343841552734,9.762061353934127,9.691643137492592,9.720231502985278,256354000
2010-12-22,9.785234451293945,9.802087252514786,9.736783853162715,9.761159824564249,265921600
2010-12-23,9.738287925720215,9.784932861578953,9.725347785105303,9.780419120671421,223157200
2010-12-27,9.770791053771973,9.793662716927173,9.675695496673974,9.715720505402603,249816000
2010-12-28,9.794563293457031,9.830374287788331,9.782225038206992,9.807803975478322,175924000
2010-12-29,9.789149284362793,9.82405786248651,9.783430966600118,9.817135772940743,163139200
2010-12-30,9.740094184875488,9.795766605990627,9.721737071885386,9.794864179187622,157494400
2010-12-31,9.706993103027344,9.73467904826745,9.669375639567564,9.718729475193244,193508000
2011-01-03,9.917946815490723,9.938711471019936,9.775604458969374,9.79967908416286,445138400
2011-01-04,9.969707489013672,10.00612036712611,9.875213044811794,10.004314710093501,309080800
2011-01-05,10.051263809204102,10.061495869410834,9.915842697282418,9.91734781381169,255519600
2011-01-06,10.043139457702637,10.088881178070553,10.018161595115307,10.072931603813458,300428800
2011-01-07,10.115058898925781,10.121980182174804,9.988063436306188,10.050959281960171,311931200
2011-01-10,10.305551528930664,10.32902426646759,10.146657730029128,10.19661263345203,448560000
2011-01-11,10.281179428100586,10.3810892647159,10.215876018846636,10.378682524905212,444108000
2011-01-12,10.364835739135742,10.36513708377746,10.292009980468263,10.329627434783163,302590400
2011-01-13,10.402754783630371,10.43164530003475,10.347684245699002,10.387106557497123,296780400
2011-01-14,10.487018585205078,10.487018585205078,10.365440860086292,10.409076378029338,308840000
2011-01-18,10.251386642456055,10.375071383556879,9.81051526124718,9.91644476991848,1880998000
2011-01-19,10.196916580200195,10.490629629748279,10.137933376678392,10.483105655162793,1135612800
2011-01-20,10.011539459228516,10.180665352518215,9.934499683353861,10.124390235124848,764789200
2011-01-21,9.832180976867676,10.077744746980335,9.829472089098152,10.044340488394957,754401200
2011-01-24,10.155084609985352,10.155084609985352,9.832179763329243,9.836694307859304,574683200
2011-01-25,10.273954391479492,10.27515896657578,10.068415629369282,10.121380772245484,546868000
2011-01-26,10.34768295288086,10.400346744784617,10.276963394066005,10.320899441770138,506875600
2011-01-27,10.328425407409668,10.372964156441459,10.31699037991806,10.34557875223299,285026000
2011-01-28,10.114459037780762,10.364236833269441,10.03711952193373,10.357315548085163,592057200
2011-01-31,10.211358070373535,10.23302595372239,10.06028879050836,10.105428606980515,377246800
2011-02-01,10.38319206237793,10.401849712560391,10.26131303982975,10.270943209516485,426633200
2011-02-02,10.36182975769043,10.389816244395803,10.338657554209332,10.36574241751667,258955200
2011-02-03,10.335345268249512,10.35942069877842,10.188187815277656,10.34617921198752,393797600
2011-02-04,10.427433967590332,10.433452826252736,10.337454039552247,10.34136589588984,321840400
2011-02-07,10.589336395263672,10.630563561689028,10.461739022332708,10.46926219269124,485021600
2011-02-08,10.68924617767334,10.698876349989867,10.597461410331771,10.643504466341453,381040800
2011-02-09,10.77832317352295,10.803602374702473,10.67931578145335,10.688945149745493,482745200
2011-02-10,10.669382095336914,10.833693655248656,10.472569515531932,10.75514959080546,928550000
2011-02-11,10.738901138305664,10.76748950642306,10.639291054352217,10.675704740906962,367572800
2011-02-14,10.8090181350708,10.818045617280049,10.734687257656422,10.737094800535084,310416400
2011-02-15,10.83068561553955,10.832792617428707,10.759966049843445,10.809319073498829,284174800
2011-02-16,10.927889823913574,10.981154707320998,10.848743047971205,10.857770531228084,481157600
2011-02-17,10.782537460327148,10.841822006546282,10.728970427443821,10.75093966104714,530583200
2011-02-18,10.54961109161377,10.818647561079345,10.518313036347875,10.794873478583673,816057200
2011-02-22,10.18999195098877,10.394327717369386,10.163209243903275,10.296523304414436,872555600
2011-02-23,10.3106689453125,10.371456993021752,10.189992865934956,10.194808755339835,671854400
2011-02-24,10.318493843078613,10.386806675616638,10.182772212076266,10.352801333486164,499900800
2011-02-25,10.477384567260742,10.485509620688712,10.376270201937038,10.39011276650535,380018800
2011-02-28,10.629358291625977,10.68473016349651,10.566462447440637,10.57007376129119,403074000
2011-03-01,10.511992454528809,10.704892372940746,10.462939982659726,10.697369204603563,456136800
2011-03-02,10.5965576171875,10.66366667157597,10.484609280709963,10.531555564674289,602590800
2011-03-03,10.820452690124512,10.827373973293131,10.710911912796034,10.749131249703343,500788400
2011-03-04,10.833696365356445,10.842423307236423,10.765985421548999,10.835802563760444,453266800
2011-03-07,10.694064140319824,10.883954717772163,10.572185060864468,10.875828856512099,546123200
2011-03-08,10.706098556518555,10.755452384106311,10.600469617056717,10.68051881410565,356316800
2011-03-09,10.60709285736084,10.676007586125063,10.55081853582456,10.673900583725086,453306000
2011-03-10,10.432546615600586,10.525837291047454,10.379280937032577,10.506275604189478,507539200
2011-03-11,10.592646598815918,10.60257811682117,10.382293527758451,10.392223438591925,471080400
2011-03-14,10.63989543914795,10.727769173256235,10.572185284455175,10.628459607063533,435957200
2011-03-15,10.395231246948242,10.467756463710533,10.234832326518552,10.29501928841482,721081200
2011-03-16,9.93118953704834,10.322105954473288,9.81833875402252,10.292012465905463,1162011200
2011-03-17,10.070521354675293,10.220086329758633,9.950748515321418,10.136425827556037,659422400
2011-03-18,9.951054573059082,10.177659433502356,9.930891793429227,10.145458933620011,753214000
2011-03-21,10.210756301879883,10.223996982714901,10.089177810228849,10.111147038446884,409402000
2011-03-22,10.267935752868652,10.310669642402601,10.20594312592763,10.30886398509835,325922800
2011-03-23,10.207449913024902,10.238445829776312,10.109946009806269,10.21015799763167,372996400
2011-03-24,10.381389617919922,10.412386334397754,10.19751792828835,10.287497845177684,404712000
2011-03-25,10.579105377197266,10.594753605224867,10.443081590083835,10.474680194433514,448910000
2011-03-28,10.545998573303223,10.662762783264748,10.545998573303223,10.627552874221129,309355200
2011-03-29,10.561650276184082,10.561650276184082,10.414192271198841,10.462341528652278,352900800
2011-03-30,10.491531372070312,10.559243120991788,10.455720373293442,10.552019687996426,329406000
2011-03-31,10.487918853759766,10.526739274027772,10.414189868279015,10.423217349727414,274019200
2011-04-01,10.369049072265625,10.580607478012823,10.331131076407459,10.566163024667539,418661600
2011-04-04,10.267632484436035,10.370251971671493,10.183671451055021,10.361525032145275,460084800
2011-04-05,10.198420524597168,10.29953492851908,10.111450035221422,10.141242980610839,482731200
2011-04-06,10.17283821105957,10.349186688487677,10.145754160409602,10.268536422187452,402539200
2011-04-07,10.174043655395508,10.24476241272665,10.11235077282396,10.174644737510908,373447200
2011-04-08,10.083160400390625,10.236336693346141,10.04975694975912,10.229415409659431,377535200
2011-04-11,9.954959869384766,10.101514585315844,9.931487135843362,10.053064002521877,398946800
2011-04-12,10.0031156539917,10.043139861820622,9.936909007158585,9.94563595110265,425639200
2011-04-13,10.11535930633545,10.115659847342682,10.006720964490917,10.081955057325631,346220000
2011-04-14,10.003711700439453,10.111446813856773,9.992878563046645,10.075334480847696,301800800
2011-04-15,9.854448318481445,10.040426973548328,9.834586894854036,10.030194917105224,453605600
2011-04-18,9.986559867858887,9.997995696171191,9.63476611348039,9.813522148644143,609898800
2011-04-19,10.167423248291016,10.171033759031173,9.982347005224499,10.024177661039966,419378400
2011-04-20,10.304347038269043,10.404859527353794,10.276962447582841,10.337449944212096,700666400
2011-04-21,10.553825378417969,10.68714026746963,10.48822143491412,10.683227608067627,753810400
2011-04-25,10.623342514038086,10.64561228923733,10.541788191322363,10.542992766540623,266546000
2011-04-26,10.54539966583252,10.682926950298503,10.513199178425358,10.641698979785552,338800000
2011-04-27,10.537272453308105,10.603479076961559,10.445487696276539,10.600168303806742,356213200
2011-04-28,10.434953689575195,10.525233318370827,10.397938125681392,10.418100892189422,360959200
2011-04-29,10.536670684814453,10.651627632098375,10.432546072292599,10.435856845231745,1006345200
2011-05-02,10.42081069946289,10.546902945353809,10.397337959949828,10.524934518349081,442713600
2011-05-03,10.478588104248047,10.529446232459593,10.40094646842395,10.472268707192388,313348000
2011-05-04,10.519819259643555,10.587830741266519,10.438866832784504,10.48039614536529,389250400
2011-05-05,10.434953689575195,10.561346455626053,10.413887692842978,10.48460724433711,335969200
2011-05-06,10.432245254516602,10.532757746808688,10.418703229251921,10.523428921073009,280134400
2011-05-09,10.460531234741211,10.50868127443866,10.428330760088489,10.468354943189189,204747200
2011-05-10,10.516203880310059,10.52342650641679,10.432242860782956,10.499351086061019,282091600
2011-05-11,10.449400901794434,10.53276088334917,10.38951527104875,10.503269281449533,336000000
2011-05-12,10.429537773132324,10.446090032448764,10.300136359513223,10.415996549628037,322000000
2011-05-13,10.246867179870605,10.419904861484579,10.242353439889435,10.40215044255205,326116000
2011-05-16,10.030193328857422,10.26853519615976,10.009127333633817,10.207746359971317,449775200
2011-05-17,10.115665435791016,10.115665435791016,9.95285890717016,9.991078262094822,452334400
2011-05-18,10.227910995483398,10.26342145027309,10.111448918276785,10.125592831260567,334776400
2011-05-19,10.247774124145508,10.304349781046028,10.191799549447156,10.294419067336912,261170000
2011-05-20,10.08797836303711,10.260415047375638,10.081959504381778,10.218584381514054,337968400
2011-05-23,10.063299179077148,10.110847350063588,9.913433644240454,9.929985100684728,383600000
2011-05-24,9.996792793273926,10.10844059147953,9.971213050566938,10.096402876420763,321927200
2011-05-25,10.13492202758789,10.188489056384393,10.016654288867137,10.034108172237376,294224000
2011-05-26,10.081356048583984,10.138233048640716,10.064202705880485,10.110547106723557,222560800
2011-05-27,10.15388298034668,10.160503724948397,10.060593080807603,10.07533888290027,203599200
2011-05-31,10.46745491027832,10.46745491027832,10.261915370733469,10.264925602712509,417754400
2011-06-01,10.397639274597168,10.59685864138415,10.371759793862497,10.498754475989616,554682800
2011-06-02,10.415393829345703,10.471970284035912,10.361225721146605,10.427431543872503,338783200
2011-06-03,10.335345268249512,10.392222267495358,10.292311641557786,10.327521556913416,313250000
2011-06-06,10.17283821105957,10.443981669348213,10.16591692788107,10.403355593373261,461941200
2011-06-07,9.992274284362793,10.17825289031344,9.988061085763617,10.176748578320753,529785200
2011-06-08,9.998300552368164,10.07534034812902,9.950452627480413,9.984457978864706,333723600
2011-06-09,9.975728988647461,10.041332937707962,9.9534592126787,10.028693335131097,275088800
2011-06-10,9.807502746582031,9.980841800806573,9.795765574278843,9.947437548069944,433955200
2011-06-13,9.828568458557129,9.880028480431994,9.782525407972097,9.846624225937534,329473200
2011-06-14,10.004316329956055,10.028692302050313,9.910123215134378,9.930887872578687,334569200
2011-06-15,9.833083152770996,9.93991505339673,9.77680724086282,9.923363598218698,399196000
2011-06-16,9.785234451293945,9.891163933924714,9.579695688283119,9.837597708644338,510591200
2011-06-17,9.637772560119629,9.908314898107019,9.610688513297596,9.900490385767055,615020000
2011-06-20,9.489114761352539,9.56073756594123,9.344063494735819,9.550505507118311,640645600
2011-06-21,9.789444923400879,9.804491259569037,9.485499932645718,9.530038662731181,493382400
2011-06-22,9.70849609375,9.897785549787907,9.701574005693187,9.78523451945064,390583200
2011-06-23,9.967903137207031,9.981745706017275,9.573376265156668,9.598051973995409,559759200
2011-06-24,9.82104778289795,10.025684150961427,9.783129777826586,9.972117917331705,439807200
2011-06-27,9.992274284362793,10.04824883359497,9.848126319854105,9.858358373594964,339813600
2011-06-28,10.089178085327148,10.132513050118025,10.034408096355914,10.04072749411799,294299600
2011-06-29,10.052461624145508,10.12257927473623,9.987458794839396,10.112648565948295,352545200
2011-06-30,10.101517677307129,10.115361853179474,10.016353656007428,10.072327423733704,322954800
2011-07-01,10.329931259155273,10.337153086237672,10.05728257652625,10.109946386437462,435313200
2011-07-05,10.515605926513672,10.527643641192375,10.307057743012566,10.322104082775185,355054000
2011-07-06,10.585721969604492,10.656141786006266,10.433749461408048,10.501159046019596,444626000
2011-07-07,10.749433517456055,10.773508143690442,10.653133405346948,10.673296979614223,399663600
2011-07-08,10.824966430664062,10.833694174364762,10.59896359283919,10.633270271236233,489633200
2011-07-11,10.653132438659668,10.826773647930827,10.617621986482993,10.723552260907832,442674400
2011-07-12,10.645609855651855,10.763877578947792,10.491228991639632,10.638988309601517,451609200
2011-07-13,10.774110794067383,10.833695875485306,10.724756163114492,10.783438817710309,391638800
2011-07-14,10.766585350036621,10.882144986215716,10.723551730644648,10.864088416381954,430533600
2011-07-15,10.981755256652832,10.984162799517895,10.808717532947924,10.868904497403046,484467200
2011-07-18,11.248983383178711,11.274562312768257,10.992585773070715,10.997099512742874,572653200
2011-07-19,11.340774536132812,11.394942653378306,11.234543696657006,11.375381765798348,819145600
2011-07-20,11.643213272094727,11.925190724618071,11.616129216398225,11.920676983197252,941340400
2011-07-21,11.654950141906738,11.738308505193075,11.552932516905145,11.644718084222829,526534400
2011-07-22,11.835811614990234,11.8884754089529,11.668791947500885,11.685945288350602,516728800
2011-07-25,11.992300033569336,12.037439859483023,11.725068374804971,11.747036000194438,589806000
2011-07-26,12.140061378479004,12.17286375680797,12.027812475566666,12.037441845961473,476582400
2011-07-27,11.814444541931152,12.116885265472462,11.801203056979048,12.05519318868778,659324400
2011-07-28,11.79127311706543,11.94685695930357,11.680228014451119,11.785255063460687,594034000
2011-07-29,11.750948905944824,11.891486424680565,11.55594273244177,11.66548353493515,632584400
2011-08-01,11.93963623046875,12.022392711885875,11.807825656652547,11.970632142466938,612836000
2011-08-02,11.703701972961426,11.974243604960074,11.686849974658518,11.96672043448123,639539600
2011-08-03,11.813847541809082,11.843339148721915,11.50298109378122,11.765998012282525,732508000
2011-08-04,11.35641860961914,11.776223775455458,11.355816724012465,11.718745708981917,871407600
2011-08-05,11.243568420410156,11.540894320789675,10.911035020352724,11.448807419057532,1204590800
2011-08-08,10.629358291625977,11.067520592213096,10.623639976236449,10.884551375046609,1143833600
2011-08-09,11.2553071975708,11.273363770518294,10.683227233597632,10.87281723161731,1082583600
2011-08-10,10.944740295410156,11.274565626187965,10.908929301309206,11.169238038475916,878656800
2011-08-11,11.245975494384766,11.298639279969999,10.97573448013916,11.150277289404912,741969200
2011-08-12,11.344988822937012,11.424735890079072,11.261930178051399,11.377489053526734,528976000
2011-08-15,11.538185119628906,11.58513139773681,11.378086747683245,11.424431140128409,460544000
2011-08-16,11.450011253356934,11.536982535191411,11.316997722550475,11.481309311039157,498750000
2011-08-17,11.448806762695312,11.571588219851504,11.375378321225183,11.505081865087114,442061200
2011-08-18,11.015758514404297,11.214377548928688,10.874920497732045,11.159907303683786,851435200
2011-08-19,10.714227676391602,11.044355302826954,10.713325249223155,10.899002652578847,775888400
2011-08-22,10.72655963897705,10.980550549494884,10.685933564942845,10.969415263714918,535315200
2011-08-23,11.24296760559082,11.244171376977652,10.743413730255165,10.842722458911739,656835200
2011-08-24,11.320610046386719,11.404269752878585,11.152687140495859,11.23905573459083,626267600
2011-08-25,11.246580123901367,11.29864203657749,10.984163558575352,10.986571101606788,871346000
2011-08-26,11.543302536010742,11.549922475280916,11.158705600511285,11.169840084430625,641477200
2011-08-29,11.735599517822266,11.781643372062906,11.676315785357799,11.681731953070145,405269200
2011-08-30,11.73620319366455,11.791876424007954,11.622449189811379,11.683839933381979,417922400
2011-08-31,11.580923080444336,11.799101501860868,11.491545030811427,11.75366032054531,522586400
2011-09-01,11.466564178466797,11.656454715902193,11.457235350985723,11.610713005343346,343725200
2011-09-02,11.256510734558105,11.375380358102014,11.189703023215998,11.277274587636382,438939200
2011-09-06,11.42774486541748,11.445499291676601,11.028702603786467,11.055486120904984,509698000
2011-09-07,11.553834915161133,11.604091165963178,11.495753346637466,11.602887394557653,350576800
2011-09-08,11.560157775878906,11.694676458188772,11.50508642295916,11.507794507639886,416158400
2011-09-09,11.359732627868652,11.616129540883572,11.28570148068151,11.553836371758676,564813200
2011-09-12,11.433761596679688,11.462048617703003,11.191808364272884,11.224912078117816,467832400
2011-09-13,11.574596405029297,11.622444296350524,11.443086423901637,11.499963401880999,440560400
2011-09-14,11.715437889099121,11.803010257978086,11.608906520624265,11.646824519816047,534724400
2011-09-15,11.825578689575195,11.846644687764734,11.73349259396078,11.779535641767987,417818800
2011-09-16,12.052484512329102,12.052484512329102,11.887873195786831,11.903220879093514,698513200
2011-09-19,12.387425422668457,12.435575471023414,11.89298881738089,11.947156115057131,823860800
2011-09-20,12.442198753356934,12.725379982254374,12.37418726827694,12.49636686567775,775754000
2011-09-21,12.4027738571167,12.687157994734331,12.398560657589357,12.628475349553387,605976000
2011-09-22,12.092208862304688,12.332958330758599,11.938130134653653,12.068435581548929,968480800
2011-09-23,12.16684341430664,12.240271874783287,12.032926636268945,12.04586677918454,546277200
2011-09-26,12.13283920288086,12.157215179890578,11.775628361042108,12.033229095997706,812876400
2011-09-27,12.015170097351074,12.315804387815666,11.979057756849228,12.300156162296796,632497600
2011-09-28,11.94745922088623,12.149988534788053,11.932411274863005,12.043155832445978,429637600
2011-09-29,11.75365924835205,12.103948783931733,11.622450541285616,12.095221840731801,651086800
2011-09-30,11.475290298461914,11.703099622439757,11.471077098446337,11.649833138321407,547640800
2011-10-03,11.27306079864502,11.515014036949472,11.230027978561981,11.446702016586848,669099200
2011-10-04,11.20986557006836,11.489736030705386,10.660357510699491,11.27215954328101,1233677200
2011-10-05,11.382905006408691,11.430151031805744,10.842724163631715,11.070232169998219,786469600
2011-10-06,11.35641860961914,11.579412003586095,11.188797084295157,11.23484012782745,812582400
2011-10-07,11.12861156463623,11.367554556173289,11.0891892576981,11.308571366290726,535458000
2011-10-10,11.700693130493164,11.700693130493164,11.381700882455208,11.408183858179118,442514800
2011-10-11,12.046168327331543,12.133139627380686,11.781646326423502,11.81384601405777,605687600
2011-10-12,12.103342056274414,12.315802055318239,12.041649985520628,12.258323987495675,622286000
2011-10-13,12.291131019592285,12.291131019592285,12.123208081962261,12.187306915955173,426185200
2011-10-14,12.699498176574707,12.699498176574707,12.496967254644193,12.543914339247955,573367200
2011-10-17,12.639009475708008,12.840937702067723,12.51712963420605,12.691673267444491,686044800
2011-10-18,12.706718444824219,12.784059542427606,12.518633606320856,12.692273189792596,881602400
2011-10-19,11.995912551879883,12.290829378690082,11.971235232650468,12.078067959374051,1104059600
2011-10-20,11.8962984085083,12.047970383202706,11.863196303786632,12.037437785756856,549270400
2011-10-21,11.822868347167969,12.011555863021236,11.759070081960276,11.98025861600587,621244400
2011-10-24,12.211080551147461,12.23304817700802,11.899010404457231,11.922483146579152,502138000
2011-10-25,11.970330238342285,12.234552455814518,11.958594671670456,12.188809942690675,430427200
2011-10-26,12.055493354797363,12.11417599744713,11.83129538076952,12.090401113632653,456304800
2011-10-27,12.17857837677002,12.308282751344587,12.094316779659824,12.264946975869812,494664800
2011-10-28,12.186399459838867,12.228530648321836,12.112971023690555,12.127716819121757,322842800
2011-10-31,12.181288719177246,12.318214935763054,12.069039018542217,12.110267796950795,385501200
2011-11-01,11.932412147521973,12.022392056914576,11.83340475559236,11.95949700589031,531790000
2011-11-02,11.959495544433594,12.050679214166541,11.890279496202965,12.04014661676994,327350800
2011-11-03,12.129827499389648,12.139758213024916,11.89780575314822,12.009452753441913,441386400
2011-11-04,12.044663429260254,12.14096274993749,12.012162398486863,12.098531004902817,302229200
2011-11-07,12.029313087463379,12.0374389465954,11.920976870617814,12.034730862608562,270275600
2011-11-08,12.224922180175781,12.278188666467909,12.084385475771057,12.103946360563064,400442000
2011-11-09,11.895394325256348,12.064219616264797,11.863796537319068,11.946252451976486,558684000
2011-11-10,11.592655181884766,11.953477218193528,11.50026773671616,11.948060246941438,744752400
2011-11-11,11.574596405029297,11.697377840475161,11.443387768463474,11.63448200711404,653786000
2011-11-14,11.413297653198242,11.593558808784174,11.381398513874954,11.541496096206656,432905200
2011-11-15,11.701292991638184,11.72145495608504,11.419015042768486,11.459641119873918,430810800
2011-11-16,11.579116821289062,11.77081305600981,11.565573987078563,11.713936045235176,349210400
2011-11-17,11.357621192932129,11.573391937051387,11.300142328884748,11.555335370739668,479900400
2011-11-18,11.283294677734375,11.435267230674457,11.28148902028,11.403067544783589,371938000
2011-11-21,11.104836463928223,11.185186180627882,11.011545805347643,11.146665503156212,447980400
2011-11-22,11.33054256439209,11.373275654842468,11.162920976456757,11.165328519782744,409021200
2011-11-23,11.044051170349121,11.310379619866529,11.040740396532989,11.270354614469944,428271200
2011-11-25,10.941129684448242,11.169238756409573,10.933605710852527,11.087083361287124,254760800
2011-11-28,11.318802833557129,11.336859404425587,11.144561344397902,11.205350192483628,346413200
2011-11-29,11.230931282043457,11.400358509578533,11.140650827611957,11.310378596238094,375855200
2011-11-30,11.501774787902832,11.50418233125481,11.384409460251574,11.474390187652924,405938400
2011-12-01,11.674210548400879,11.706410232828379,11.458138371029076,11.512005943924333,387181200
2011-12-02,11.727477073669434,11.845744827458136,11.693772270563203,11.73138892979611,379055600
2011-12-05,11.827083587646484,11.929402548177155,11.748238972703762,11.841528844263248,357210000
2011-12-06,11.765090942382812,11.875836302360712,11.717844924601305,11.81203722269736,283598000
2011-12-07,11.709117889404297,11.764791113817536,11.638999407531548,11.73439628637269,304746400
2011-12-08,11.756362915039062,11.902016024462808,11.743422775670826,11.78013699584446,376356400
2011-12-09,11.845441818237305,11.858081418970745,11.76749962267887,11.822270422271332,296993200
2011-12-12,11.791873931884766,11.853866548145286,11.719950603954693,11.78705884656967,301067200
2011-12-13,11.700693130493164,11.899010889380145,11.649233098953907,11.826785395537165,338928800
2011-12-14,11.4412841796875,11.657657675475551,11.36574953108173,11.637193561074087,406887600
2011-12-15,11.403666496276855,11.548115841114452,11.38470749967728,11.535777586810637,256200000
2011-12-16,11.466265678405762,11.560458814188324,11.422630155387326,11.446404246997066,421478400
2011-12-19,11.5020751953125,11.581522512281847,11.450012476361497,11.509899710568812,235530400
2011-12-20,11.915559768676758,11.920074313386426,11.654046449256766,11.669092788727012,337215200
2011-12-21,11.930606842041016,11.956186583293901,11.796990623241584,11.93782866707996,262948000
2011-12-22,11.993802070617676,12.011256754765638,11.920073086198197,11.947156333739228,202358800
2011-12-23,12.137648582458496,12.145473095431827,12.02208895545533,12.02810781158866,269399200
2011-12-27,12.233951568603516,12.310991343230885,12.128322620492073,12.130730967259135,265076000
2011-12-28,12.116889953613281,12.285714532351175,12.077768172885705,12.244787897472047,228662000
2011-12-29,12.19151782989502,12.2074682037041,12.052787587362609,12.139757263730957,215978000
2011-12-30,12.187908172607422,12.22642805885275,12.142467001700968,12.14306808389376,179662000
2012-01-03,12.375391960144043,12.413611307724178,12.30828370052451,12.320321416862486,302220800
2012-01-04,12.441898345947266,12.47921526663098,12.316709310255062,12.338376396098443,260022000
2012-01-05,12.580026626586914,12.595674852138494,12.418724463668132,12.487338633992254,271269600
2012-01-06,12.71153736114502,12.722069960987339,12.615839928473763,12.632391386393369,318292800
2012-01-09,12.691372871398926,12.872536457086799,12.679937042599205,12.804826321842302,394024400
2012-01-10,12.736814498901367,12.819873124962697,12.684451242405542,12.817164237303519,258196400
2012-01-11,12.716050148010254,12.72507843444821,12.618547065237715,12.719962003673801,215084800
2012-01-12,12.681140899658203,12.726582066922068,12.60169359042164,12.707924412866534,212587200
2012-01-13,12.633591651916504,12.652851993643752,12.598984430753884,12.630282486060661,226021600
2012-01-17,12.780750274658203,12.819571500334185,12.728387022588272,12.76570313222842,242897200
2012-01-18,12.913464546203613,12.924297686247739,12.82890160627902,12.84876303268141,276791200
2012-01-19,12.872535705566406,12.98147380132391,12.835219596300067,12.944760381334437,261738400
2012-01-20,12.64833927154541,12.865013325679762,12.631787814781777,12.864712784589816,413974400
2012-01-23,12.862305641174316,12.893603701962775,12.708527439398015,12.71966192461638,306062400
2012-01-24,12.651650428771973,12.792789832557203,12.625770143648069,12.792789832557203,547638000
2012-01-25,13.441604614257812,13.676033050937514,13.353430374407278,13.675732509901623,958314000
2012-01-26,13.380520820617676,13.5057090717518,13.335681525778998,13.492769730088108,323985200
2012-01-27,13.460262298583984,13.49637463237596,13.354634184304178,13.371786719180115,299709200
2012-01-30,13.63270092010498,13.659484434055077,13.403388075585704,13.413017443952462,379341200
2012-01-31,13.737123489379883,13.790087821025432,13.634503991886332,13.710339978930085,391683600
2012-02-01,13.728400230407715,13.812662639404623,13.709141491026648,13.795208753926998,270046000
2012-02-02,13.69620132446289,13.757892616566133,13.661894633796333,13.71967406957603,186796400
2012-02-03,13.833428382873535,13.84305855690468,13.709443106566361,13.761806374274755,286599600
2012-02-06,13.962522506713867,13.992917326946035,13.78888373884778,13.794299905524092,249412800
2012-02-07,14.108781814575195,14.136468558379809,13.980883104876975,14.001046678788432,316223600
2012-02-08,14.345017433166504,14.348326599489111,14.134963319503479,14.159038750058437,407890000
2012-02-09,14.841261863708496,14.948997013905291,14.461781294758161,14.467800152912039,884214800
2012-02-10,14.848782539367676,14.975175325016144,14.702226180499139,14.774753007272768,631302000
2012-02-13,15.12504768371582,15.162062462554097,14.959230924691829,15.032659400032161,517216000
2012-02-14,15.3314847946167,15.334493419830343,15.106987031279303,15.18703542658693,460398400
2012-02-15,14.976683616638184,15.837960513313856,14.953209266479114,15.475935440095219,1506120000
2012-02-16,15.113306045532227,15.193957128134036,14.644447497121584,14.791003863375943,944552000
2012-02-17,15.110595703125,15.280624784420455,15.055824912139993,15.14038783765034,535805200
2012-02-21,15.493688583374023,15.493688583374023,15.170783737248316,15.253842356305015,605595200
2012-02-22,15.439214706420898,15.512943678074441,15.319742432506798,15.440418477533019,483302400
2012-02-23,15.540031433105469,15.583367203483773,15.33268703286642,15.500609125153778,568027600
2012-02-24,15.721199989318848,15.735945791838255,15.607748115133834,15.638744033105418,415072000
2012-02-27,15.822007179260254,15.904463096432968,15.536719831021065,15.688089641039484,547582000
2012-02-28,16.112411499023438,16.112411499023438,15.824716584335333,15.888214315621887,600387200
2012-02-29,16.323970794677734,16.479556251651296,16.12114092259788,16.297489428923672,952011200
2012-03-01,16.385059356689453,16.49761117679915,16.2135259534779,16.496405798251335,683270000
2012-03-02,16.406431198120117,16.455181541472648,16.326381183228655,16.378143366605006,431712400
2012-03-05,16.04469871520996,16.475637523064606,15.829226900526074,16.413645721559508,809124400
2012-03-06,15.957429885864258,16.060650470561946,15.534915768730277,15.75881242696025,810238800
2012-03-07,15.970370292663574,16.183733542200493,15.747977954371272,16.154241947565165,798520800
2012-03-08,16.31043243408203,16.34052511812623,16.01340780667462,16.090748126134933,516457200
2012-03-09,16.406131744384766,16.48347207268401,16.344138300980777,16.377241221515657,418919200
2012-03-12,16.61166763305664,16.61166763305664,16.461197800685195,16.520783687158442,407282400
2012-03-13,17.09617805480957,17.098585598467544,16.724521136676753,16.778390327816933,690855200
2012-03-14,17.742582321166992,17.89726292449125,17.31585420937155,17.395603660948304,1418844000
2012-03-15,17.621604919433594,18.056457263122706,17.410649219317953,18.044419549945964,1159718000
2012-03-16,17.621912002563477,17.73115147764751,17.394103419426994,17.596332254359304,825487600
2012-03-19,18.089265823364258,18.10942779446012,17.726638027403276,18.00711041176774,901236000
2012-03-20,18.23551368713379,18.263799899632367,17.799758154908517,18.041409196889276,816662000
2012-03-21,18.131393432617188,18.346563176444345,18.0985926669987,18.138616061883173,644042000
2012-03-22,18.03630256652832,18.19158591473598,17.921645311283676,17.989355466222026,623870800
2012-03-23,17.937292098999023,18.11032985425386,17.887636920146335,18.070907538029186,430488800
2012-03-26,18.26620864868164,18.27132588200806,17.913513306120173,18.049835180485776,595742000
2012-03-27,18.49191665649414,18.546084771391136,18.238528359473747,18.242139674278324,607129600
2012-03-28,18.586402893066406,18.701661165328066,18.366418140471282,18.60927293718944,655460400
2012-03-29,18.352880477905273,18.554508170609747,18.273735320460517,18.44075418342765,608238400
2012-03-30,18.042612075805664,18.37394164521938,17.994160689099825,18.320074091956382,731038000
2012-04-02,18.61680793762207,18.62102033527286,18.0675987141128,18.1112350394148,598351600
2012-04-03,18.93850326538086,19.025475355345627,18.73356638873358,18.8777136075997,834559600
2012-04-04,18.787736892700195,18.834381839361313,18.567752040543837,18.788940664365743,572980800
2012-04-05,19.06970977783203,19.09920137169435,18.760346976144643,18.868082098922113,641298000
2012-04-09,19.146448135375977,19.255086492684715,18.817526045778234,18.84250309635719,597536800
2012-04-10,18.912023544311523,19.3802794530932,18.838595082850834,19.25779850362162,889725200
2012-04-11,18.8446102142334,19.165708595482116,18.75854136423008,19.14554663026464,696614800
2012-04-12,18.741384506225586,18.998986711438572,18.67307169867533,18.80849354262292,614336800
2012-04-13,18.21354103088379,18.799464123561954,18.16178048381769,18.78170809909489,859644800
2012-04-16,17.45819664001465,18.36551713350374,17.401620997662306,18.358897195123838,1050786800
2012-04-17,18.348066329956055,18.35709381238242,17.210830155418346,17.42238857124746,1025528000
2012-04-18,18.30713653564453,18.665551794168664,18.137708543385823,18.46903975215143,954531200
2012-04-19,17.678176879882812,18.19849527151589,17.590303199177665,18.062772896283825,834719200
2012-04-20,17.243026733398438,17.89425251598774,17.16598698046552,17.796748651777158,1030985200
2012-04-23,17.204513549804688,17.354080184025456,16.75070284040256,17.171712777869725,966529200
2012-04-24,16.86084747314453,17.083840996838248,16.701952794887372,16.93096517814932,1076149200
2012-04-25,18.357101440429688,18.597851012612047,18.2367274579246,18.52683007364305,905777600
2012-04-26,18.28788185119629,18.49823652416916,18.12026026757419,18.485596118447102,536068400
2012-04-27,18.14644432067871,18.242143378848553,18.071210991062646,18.20873991550147,406722400
2012-04-30,17.574060440063477,18.00801125161297,17.54456884018372,17.98995467806261,506144800
2012-05-01,17.518388748168945,17.95865736994963,17.49130469029405,17.60174792392239,610999200
2012-05-02,17.634241104125977,17.67697417599159,17.419974662813715,17.461503963539858,427389200
2012-05-03,17.509056091308594,17.797353719503363,17.463314384804868,17.770269666307733,390549600
2012-05-04,17.010406494140625,17.404933357902518,17.007998951165806,17.366414277476977,529992400
2012-05-07,17.1377010345459,17.236709221859954,16.88942841004261,16.897554268672888,460118400
2012-05-08,17.098575592041016,17.19848538103376,16.814191494351004,17.14070597422803,497252000
2012-05-09,17.128677368164062,17.273128372721562,16.87799872870595,16.963765457955397,480704000
2012-05-10,17.16900062561035,17.330302806154332,17.106407716564622,17.291181032621974,333200000
2012-05-11,17.054340362548828,17.287867168686173,16.98331946440351,17.002880345854667,399546000
2012-05-14,16.798851013183594,17.078420159553797,16.78019335545118,16.9297583727857,352626400
2012-05-15,16.646881103515625,16.94932196031156,16.604148005018708,16.896057063159173,476336000
2012-05-16,16.433504104614258,16.758816357008442,16.28183218688692,16.67335023102929,560896000
2012-05-17,15.953214645385742,16.476241170121803,15.953214645385742,16.41033590329314,717220000
2012-05-18,15.961044311523438,16.353163679129626,15.714277555826797,16.068779461752815,732292400
2012-05-21,16.890933990478516,16.898759308643264,16.071485444029566,16.08502907848722,631106000
2012-05-22,16.761228561401367,17.270110390896804,16.629117482084197,17.139804164830483,694870400
2012-05-23,17.17020606994629,17.23761567283566,16.648683672673997,16.77718187213073,584897600
2012-05-24,17.012508392333984,17.348955189859776,16.889424803635567,17.32999539282808,496230000
2012-05-25,16.921329498291016,17.02846355658251,16.806371728691946,16.990545557223506,328507200
2012-05-29,17.221662521362305,17.273725235663072,17.012212714203432,17.180435357466422,380508800
2012-05-30,17.429306030273438,17.453982537509578,17.04982557833419,17.129272874296415,529429600
2012-05-31,17.385976791381836,17.499428648564336,17.197290012772704,17.476556988160542,491674400
2012-06-01,16.882205963134766,17.233098092872268,16.868062854607317,17.128071047513128,520987600
2012-06-04,16.98151397705078,17.078114618565845,16.50633769397848,16.89755373824952,556995600
2012-06-05,16.93758201599121,17.04712363288562,16.802161718454272,16.89063652713465,388214400
2012-06-06,17.19728660583496,17.26920913214792,17.017927887281186,17.086240706680357,401455600
2012-06-07,17.205108642578125,17.373631795312964,17.168394423202454,17.372730172257903,379766800
2012-06-08,17.463912963867188,17.471738280512607,17.12325373881146,17.201497262238362,347516400
2012-06-11,17.188562393188477,17.710083159259163,17.172310673640297,17.686610417566005,591264800
2012-06-12,17.338722229003906,17.352564793288618,17.054037591594383,17.28756436719656,435380400
2012-06-13,17.21835708618164,17.408548198197895,17.164790047728538,17.289378011151417,293580000
2012-06-14,17.199392318725586,17.258677657594994,17.070894143204395,17.1906653779844,345573200
2012-06-15,17.27764129638672,17.29238709869492,17.13981184023968,17.18344816486856,335255200
2012-06-18,17.62823486328125,17.691732630949254,17.164493351935374,17.182249390741624,440412000
2012-06-19,17.67728614807129,17.755227560117426,17.547582548261833,17.556610033239217,361404400
2012-06-20,17.62702751159668,17.732655661042052,17.478364123989643,17.701357598228437,358943200
2012-06-21,17.384166717529297,17.701653777034615,17.377244630473808,17.61799407896487,326351200
2012-06-22,17.517480850219727,17.520188933851315,17.31645586467713,17.425394756546606,284471600
2012-06-25,17.176528930664062,17.44827439909345,17.16449121215578,17.373039462002694,304382400
2012-06-26,17.214441299438477,17.288470833247892,17.073000564072416,17.19337449536627,276536400
2012-06-27,17.288776397705078,17.356186011676595,17.211135526967407,17.303822741695765,202997200
2012-06-28,17.124765396118164,17.273729338407655,17.021244239421424,17.20361164256891,282836400
2012-06-29,17.574657440185547,17.574657440185547,17.281244241869338,17.39409497747676,421500800
2012-07-02,17.831064224243164,17.859652600352767,17.56262952990122,17.596635682931527,400092000
2012-07-03,18.038400650024414,18.056156678710284,17.875595803006846,17.902077164760748,241712800
2012-07-05,18.355287551879883,18.487699188898997,18.045624195877863,18.07300878930371,484383200
2012-07-06,18.233110427856445,18.310150202524046,18.10370899972748,18.2695241166985,418930400
2012-07-09,18.474157333374023,18.474457874427955,18.179842461490225,18.21565345487901,379405600
2012-07-10,18.303220748901367,18.654111156294576,18.21594815490396,18.59693283732574,511957600
2012-07-11,18.189472198486328,18.286673923127953,17.972497634440064,18.240329529414893,469322000
2012-07-12,18.02305793762207,18.160585225993405,17.83587547282974,18.063383482403893,428041600
2012-07-13,18.205730438232422,18.27253736770052,18.056165396295576,18.144942368244163,311427200
2012-07-16,18.26409912109375,18.4058387377373,18.20722134268964,18.210231573798737,301260400
2012-07-17,18.265012741088867,18.402239499885773,18.15095657844083,18.380872150520496,293624800
2012-07-18,18.244543075561523,18.307137577458853,18.163289314490754,18.2544737872267,252700000
2012-07-19,18.48709487915039,18.51809078129274,18.236715298166537,18.395609877716762,436861600
2012-07-20,18.185565948486328,18.490714849624272,18.167509372544828,18.448282297954716,397471200
2012-07-23,18.17142105102539,18.233715032034983,17.68631229901468,17.887637895483426,487975600
2012-07-24,18.083843231201172,18.347462717716354,18.011316412031338,18.278246671420625,565132400
2012-07-25,17.30291748046875,17.47836276460435,17.15335248113799,17.28757059854604,877312800
2012-07-26,17.300212860107422,17.466328546173546,17.16418986172115,17.44706819746839,406632800
2012-07-27,17.609569549560547,17.629733123607586,17.201200120518592,17.30412017111833,403936400
2012-07-30,17.90659523010254,18.03930742751813,17.68961902408266,17.78291051573731,379142400
2012-07-31,18.379962921142578,18.408252350309503,18.138011318260244,18.15335819697374,462327600
2012-08-01,18.261096954345703,18.549695154421173,18.1464397240243,18.534949354836098,384501600
2012-08-02,18.29058265686035,18.377853654694665,18.063677419622696,18.141620396399748,332158400
2012-08-03,18.528623580932617,18.59723692799374,18.404035680057085,18.46632963049485,344920800
2012-08-06,18.734773635864258,18.80459078935352,18.515391460371255,18.57648006339897,302103200
2012-08-07,18.685413360595703,18.808495356718836,18.599043977421143,18.74138631384878,290446800
2012-08-08,18.653818130493164,18.774794754090127,18.570759505122965,18.63967341373846,244706000
2012-08-09,18.76020050048828,18.790423995803664,18.671647676804017,18.673158448051826,221642400
2012-08-10,18.789518356323242,18.791330959147945,18.698851091432747,18.699152922891535,194938800
2012-08-13,19.040363311767578,19.040363311767578,18.83635918855984,18.840591284286994,278832400
2012-08-14,19.091447830200195,19.30059125417835,19.046718657402334,19.096888868071932,340169200
2012-08-15,19.06545066833496,19.16125713154057,18.972365530279962,19.079656114746886,257342400
2012-08-16,19.231979370117188,19.24467243124289,19.05547738382296,19.07693646923321,254534000
2012-08-17,19.587696075439453,19.590113954427128,19.306624906443613,19.342589645831715,442761200
2012-08-20,20.102703094482422,20.102703094482422,19.641804768995332,19.645129757790652,613384800
2012-08-21,19.827970504760742,20.396764538870404,19.65479352110965,20.274059578098647,812719600
2012-08-22,20.215129852294922,20.21905850382402,19.587704511418192,19.77841036000733,565322800
2012-08-23,20.026540756225586,20.246259558814216,19.981809974116683,20.131715313040015,420128800
2012-08-24,20.044370651245117,20.23356572780876,19.812562456878815,19.932244289837776,437340400
2012-08-27,20.420942306518555,20.577797788986924,20.356264841628764,20.55120111641938,427008400
2012-08-28,20.39434814453125,20.433637881352297,20.269527126636994,20.399787566644754,267416800
2012-08-29,20.354156494140625,20.481091978546814,20.32786325709503,20.407953522423604,202806800
2012-08-30,20.06401824951172,20.296129920977748,20.033191082074357,20.26862774254091,302699600
2012-08-31,20.105417251586914,20.20696496385654,19.86393597186128,20.166164457280075,338321200
2012-09-04,20.399486541748047,20.40462413262989,20.083054200553494,20.121134999069167,367892000
2012-09-05,20.2562313079834,20.441194265113854,20.237190101591548,20.41762074478216,336375200
2012-09-06,20.43877601623535,20.499826671279646,20.273457931379138,20.345085599497278,391196400
2012-09-07,20.564809799194336,20.626464128582512,20.423668870899146,20.492575226622236,329666400
2012-09-10,20.029861450195312,20.650938534105727,20.010518413430795,20.565107036606825,487998000
2012-09-11,19.964881896972656,20.25229966346031,19.841269821784863,20.10148886427025,503983200
2012-09-12,20.242929458618164,20.24625444645336,19.826158374193916,20.15407480797371,712233200
2012-09-13,20.641565322875977,20.717726897105372,20.39343573688202,20.472015190105093,598360000
2012-09-14,20.892417907714844,21.064687777951267,20.789961479784576,20.852524512111327,600474000
2012-09-17,21.14931297302246,21.149916635859615,20.993061142505166,21.136316467234337,398031200
2012-09-18,21.21368408203125,21.226377140584944,21.04776075634424,21.152331608902504,373503200
2012-09-19,21.21942901611328,21.276549399242086,21.14296559782057,21.163819404088738,326874800
2012-09-20,21.116674423217773,21.15777838007962,20.963142283083645,21.130576425120353,336568400
2012-09-21,21.1586856842041,21.309194680406346,21.13662293251947,21.228802590776056,571589200
2012-09-24,20.87761116027832,21.008476888731977,20.642176164161437,20.75883644506927,639766400
2012-09-25,20.356273651123047,20.937760967697027,20.33995215158467,20.801152340824967,518789600
2012-09-26,20.103607177734375,20.3305795947364,19.9833200769126,20.21119960237179,576503200
2012-09-27,20.59140396118164,20.617093532975804,19.95763208864672,20.076710258985653,594090000
2012-09-28,20.16163444519043,20.58505555890597,20.15105581750521,20.513729718593197,535110800
2012-10-01,19.928613662719727,20.453282228820484,19.8412697811906,20.284335719164293,543594800
2012-10-02,19.98664093017578,20.138964112599336,19.664465745751677,20.00175187021996,627992400
2012-10-03,20.293092727661133,20.30548556644198,20.0265288666743,20.09392602428475,424281200
2012-10-04,20.15256690979004,20.377726724915586,20.114789554752594,20.28705784468173,370725600
2012-10-05,19.72309684753418,20.128383781959513,19.68350528409024,20.10420660275014,594006000
2012-10-08,19.287282943725586,19.571075452868058,19.225023363377325,19.550523480333528,637994000
2012-10-09,19.217174530029297,19.35740835273007,18.84543432867735,19.3017987225016,838597200
2012-10-10,19.37009048461914,19.493097245083355,19.251919481799703,19.33472941035954,510356000
2012-10-11,18.98293685913086,19.56019334515915,18.98293685913086,19.539037711666328,546081200
2012-10-12,19.03160858154297,19.20297142199274,18.89832655164564,19.027074652121456,460014800
2012-10-15,19.184223175048828,19.19540546265031,18.85449257131495,19.111386582914825,432502000
2012-10-16,19.638477325439453,19.653891713316238,19.07059029312239,19.20266496503794,549771600
2012-10-17,19.4819278717041,19.729150495903323,19.463491936981846,19.610677583224852,389037600
2012-10-18,19.12015151977539,19.404849535522725,19.040363119330692,19.330200338990718,476624400
2012-10-19,18.431076049804688,19.093860791616443,18.424426073460435,19.072101487952153,744086000
2012-10-22,19.162158966064453,19.202959463232073,18.458874156096364,18.50904433781411,546730800
2012-10-23,18.53746223449707,19.15823923085257,18.487293643506565,19.070591884222157,707145600
2012-10-24,18.642332077026367,18.936098007608575,18.45525307182244,18.78166037872352,558527200
2012-10-25,18.42200469970703,18.79858213578391,18.301415794749488,18.738135153536852,656325600
2012-10-26,18.254575729370117,18.556804269340716,17.861679918666,18.418684893640492,1018432800
2012-10-31,17.992244720458984,18.192923943771657,17.76194727041454,17.978946378767265,510003200
2012-11-01,18.029111862182617,18.224349996589737,17.957484194436383,18.079885721260368,361298000
2012-11-02,17.43251609802246,18.0415054989774,17.37055994070559,18.009469396061544,599373600
2012-11-05,17.668859481811523,17.764060688849717,17.4566945321396,17.63561443652032,529135600
2012-11-06,17.615367889404297,17.853826124133914,17.53195423464894,17.83841334545672,374917200
2012-11-07,16.94133949279785,17.44350683891508,16.873026482764836,17.42225458706958,793648800
2012-11-08,16.326541900634766,17.0697760904263,16.25185495394409,17.021197632633488,1056146000
2012-11-09,16.609203338623047,16.846624899148004,16.20418932528329,16.40760758348647,929913600
2012-11-12,16.48078155517578,16.835093115153818,16.353872717891917,16.824466168092293,515802000
2012-11-13,16.48290252685547,16.713037317274665,16.28434211553213,16.361762823849745,532949200
2012-11-14,16.30013084411621,16.62104543434344,16.278878576602185,16.561841646768894,477170400
2012-11-15,15.958260536193848,16.379668811534298,15.867179196083347,16.319858628836986,789910800
2012-11-16,16.02081298828125,16.091250148463104,15.354999331011069,15.9455179810907,1266893600
2012-11-19,17.176048278808594,17.229786199858758,16.391220388943452,16.416419261402584,823317600
2012-11-20,17.029705047607422,17.36489004233515,16.837521723859847,17.36367558044926,642754000
2012-11-21,17.053682327270508,17.225827752318526,16.898840948414488,17.131103016698518,373002000
2012-11-23,17.351219177246094,17.366400755458535,17.08100881241139,17.219757379026476,272826400
2012-11-26,17.898632049560547,17.91290075917692,17.4183229622093,17.484813527577323,630579600
2012-11-27,17.754411697387695,17.925647506419587,17.61232296102293,17.89923256645407,533330000
2012-11-28,17.698551177978516,17.785382748253266,17.374296423870845,17.52640408758974,520864400
2012-11-29,17.89346694946289,18.041931231485275,17.76868547931014,17.91957868452715,514698800
2012-11-30,17.769594192504883,17.864320570763304,17.690655814196855,17.815438899354792,391319600
2012-12-03,17.797222137451172,18.052254197703714,17.77627308114987,18.023715162103155,364280000
2012-12-04,17.48328971862793,17.66393640004579,17.3703480468526,17.66393640004579,557068400
2012-12-05,16.35811996459961,17.28291058216022,16.357511923078462,17.272588469297258,1044638000
2012-12-06,16.614673614501953,16.798962124954542,15.746047993351768,16.059069463488957,1177212400
2012-12-07,16.18992042541504,16.856340391139938,16.091247451394864,16.801691242896144,787040800
2012-12-10,16.085783004760742,16.34961788210225,15.835608792883002,15.939442821959402,630484400
2012-12-11,16.437063217163086,16.68511180240333,16.31501222254425,16.387878318583677,592345600
2012-12-12,16.364500045776367,16.63774749579633,16.281615045389945,16.63076393429814,487144000
2012-12-13,16.08183479309082,16.32320456426688,15.963730435584871,16.126161828408407,625259600
2012-12-14,15.477656364440918,15.730865958814219,15.349837916252502,15.628246375313058,1009579200
2012-12-17,15.752117156982422,15.787639754628893,15.217767006371243,15.451545197263634,757607200
2012-12-18,16.20965576171875,16.24001568037899,15.79522925187635,15.939443729844678,625685200
2012-12-19,15.97921371459961,16.203581003065892,15.954621276195505,16.13587599495606,449369200
2012-12-20,15.840164184570312,16.09732034645757,15.753635822879275,16.09124803849293,481689600
2012-12-21,15.767294883728027,15.777616994433512,15.491313812906734,15.559018816773872,596268400
2012-12-24,15.792801856994629,15.916673709719586,15.74847481487469,15.79826774546439,175753200
2012-12-26,15.575113296508789,15.771244791225627,15.518035222774097,15.757277672108797,302436400
2012-12-27,15.63766098022461,15.673790005327511,15.32190737496302,15.591511428457316,455120400
2012-12-28,15.47158145904541,15.620047353065171,15.426951214266962,15.492835346368059,354278400
2012-12-31,16.157129287719727,16.255195837585283,15.453669084911036,15.500120210397528,659492400
2013-01-02,16.669015884399414,16.850270649888788,16.444346949461465,16.814444839469886,560518000
2013-01-03,16.458614349365234,16.688445944469635,16.425217465070443,16.63410000229803,352965200
2013-01-04,16.000164031982422,16.353261016011334,15.964641437989275,16.302861673803513,594333600
2013-01-07,15.906047821044922,16.06999528332133,15.64190808100738,15.848361702034243,484156400
2013-01-08,15.94885540008545,16.148630290493752,15.825591594620466,16.067262980331513,458707200
2013-01-09,15.69959831237793,15.939752091808378,15.665896586608325,15.86354581759882,407604400
2013-01-10,15.894207954406738,16.052386317539188,15.651623694322623,16.04722526079266,601146000
2013-01-11,15.796743392944336,15.949154220949831,15.757880634285701,15.81799565336401,350506800
2013-01-14,15.23355770111084,15.408132133939837,15.13518791221862,15.261791912457516,734207600
2013-01-15,14.752941131591797,15.149757105833064,14.675823636593682,15.128808050191349,876772400
2013-01-16,15.36531925201416,15.467029193158004,14.952716875354467,15.017688137655732,690804800
2013-01-17,15.261788368225098,15.506801531803335,15.242055394453047,15.49344245448962,453678400
2013-01-18,15.180418968200684,15.247819136884932,15.071119074752925,15.135483900967559,472922800
2013-01-22,15.325243949890137,15.419665502017908,15.078106688677238,15.318868431833941,461546400
2013-01-23,15.605775833129883,15.635529327376764,15.325241729199414,15.44789909046883,861509600
2013-01-24,13.677563667297363,14.139959045218264,13.669972065090207,13.965991043507422,1460852400
2013-01-25,13.35512924194336,13.85152869033821,13.206968162210199,13.713691345444188,1208026400
2013-01-28,13.657219886779785,13.759839466440411,13.233079279616051,13.292890301195335,785517600
2013-01-29,13.913459777832031,13.97205712724001,13.726740821346649,13.92044333531564,571158000
2013-01-30,13.869745254516602,14.044927696285958,13.799004891418209,13.874906311079867,417155200
2013-01-31,13.829062461853027,13.944129870862545,13.813579291199026,13.874300754998556,319334400
2013-02-01,13.772285461425781,13.950200020040072,13.612284615546583,13.938966656369841,539484400
2013-02-04,13.429206848144531,13.842721224658895,13.419491156980312,13.781088524918719,477117200
2013-02-05,13.900408744812012,13.958094856248149,13.426172060982054,13.481732459398746,573347600
2013-02-06,13.885528564453125,14.163328866428243,13.74070609089925,13.858810417636498,593706400
2013-02-07,14.298405647277832,14.352761716382314,13.867821882485673,14.146633012427339,704580800
2013-02-08,14.504833221435547,14.621792728660104,14.299312950614699,14.474906330860764,633158400
2013-02-11,14.656002044677734,14.808997850468861,14.452011442375783,14.55125787153242,517490400
2013-02-12,14.288633346557617,14.73082092331129,14.283747187860179,14.643176674846549,609053200
2013-02-13,14.261453628540039,14.463919332283862,14.145715605503211,14.26756132654011,475207600
2013-02-14,14.24863052368164,14.40284625297534,14.170148630629985,14.185417062589373,355275200
2013-02-15,14.052274703979492,14.357653176711386,14.044945464068054,14.31764733447116,391745200
2013-02-19,14.047076225280762,14.13075086480598,13.8595756219023,14.080974353814105,435783600
2013-02-20,13.706889152526855,13.976842909214563,13.705361004694103,13.976842909214563,476302400
2013-02-21,13.621687889099121,13.716661379282257,13.522745617991426,13.619855579516733,447182400
2013-02-22,13.766740798950195,13.790864981639587,13.638176616723584,13.719102387893063,330654800
2013-02-25,13.522133827209473,13.89835904044874,13.515109567040708,13.859576382725685,372579200
2013-02-26,13.710552215576172,13.789034095684238,13.365169642950649,13.553281847291792,501499600
2013-02-27,13.576186180114746,13.816518809708253,13.456478554279386,13.694061496445665,587350400
2013-02-28,13.479381561279297,13.676960295779962,13.479381561279297,13.560306523048405,322515200
2013-03-01,13.145604133605957,13.381050606065271,13.13064068027839,13.375552862068844,552448400
2013-03-04,12.827397346496582,13.076279880977449,12.795332345281494,13.06406448709611,582755600
2013-03-05,13.166062355041504,13.289740380703423,12.848775202934286,12.871067892050357,638433600
2013-03-06,12.9987154006958,13.291573390097648,12.961153467495144,13.268974908566054,460250000
2013-03-07,13.148962020874023,13.19263165350717,12.858242121935794,12.963292080368845,468473600
2013-03-08,13.18377685546875,13.297071813638738,13.088804178169967,13.125144578144383,391482000
2013-03-11,13.37157917022705,13.40639304037657,12.98283284908214,13.123612399745785,474236000
2013-03-12,13.083304405212402,13.402424665418462,13.057042121645525,13.302260873660083,465911600
2013-03-13,13.080863952636719,13.268671201822864,12.9895567115643,13.083918617419497,405549200
2013-03-14,13.207592964172363,13.272942875321156,13.144989478039156,13.217669440988754,303875600
2013-03-15,13.548394203186035,13.56580073167864,13.352646186478,13.373412355998877,643960800
2013-03-18,13.916680335998535,13.9698148534666,13.473271319923178,13.480905533436623,606197200
2013-03-19,13.87911605834961,14.077000503012076,13.696193429283083,14.032108532650852,526775200
2013-03-20,13.805521965026855,13.975007703444643,13.729483175665692,13.968595029290386,308660800
2013-03-21,13.825372695922852,13.985696086380168,13.745059327564793,13.748723946078359,383255600
2013-03-22,14.105714797973633,14.111515889297863,13.836982544939762,13.881872912862015,395105200
2013-03-25,14.156706809997559,14.351233285348604,14.101739169187741,14.190603304377786,501135600
2013-03-26,14.082195281982422,14.225722088432907,14.063567213312718,14.213506694076743,294294000
2013-03-27,13.805521965026855,13.949660353061766,13.764296233269144,13.939278083563801,331237200
2013-03-28,13.517861366271973,13.79758746153089,13.486102146392751,13.736512101412936,442839600
2013-04-01,13.097962379455566,13.549616395203499,13.062233573935176,13.494647935741577,389732000
2013-04-02,13.124837875366211,13.379828165594203,13.021314426964183,13.05796061705963,529519200
2013-04-03,13.19201946258545,13.353564396486869,13.140715617591317,13.17308559980362,363216000
2013-04-04,13.061625480651855,13.283940825924203,12.986197438534896,13.246074723979932,358447600
2013-04-05,12.923591613769531,12.977032739157092,12.816097777849746,12.963290013233074,383695200
2013-04-08,13.015511512756348,13.05490494088601,12.90191159405086,12.973979982646599,300829200
2013-04-09,13.03902530670166,13.085442178116141,12.90985035499989,13.020092259364928,306614000
2013-04-10,13.305006980895996,13.346844294543018,13.009400991429771,13.073225197211526,375928000
2013-04-11,13.26347827911377,13.37524588108539,13.16789403682878,13.244849394097086,328364400
2013-04-12,13.12514591217041,13.257984704467747,13.103463987046908,13.257984704467747,238613200
2013-04-15,12.821290969848633,13.066814704018753,12.812129423494204,13.039635857557418,317520000
2013-04-16,13.016427993774414,13.027726011603884,12.84327842958416,12.873816103326186,305771200
2013-04-17,12.300625801086426,12.844199691269496,12.157403903901033,12.834121578426377,945056000
2013-04-18,11.972342491149902,12.391931595854798,11.901799796121011,12.367501617120224,666299200
2013-04-19,11.925924301147461,12.202902302797575,11.760103146607825,11.84774739391503,609274400
2013-04-22,12.1744966506958,12.282296262984715,11.948518420049655,11.990354099443822,429920400
2013-04-23,12.402310371398926,12.47101991752848,12.178772759590851,12.336958835131247,664238400
2013-04-24,12.381855010986328,12.680819960316835,11.986085066402275,12.017845102751274,969651200
2013-04-25,12.471025466918945,12.640815425767782,12.428883158301936,12.55805814104227,384837600
2013-04-26,12.740363121032715,12.78830731595947,12.467049815248204,12.514689033069718,764097600
2013-04-29,13.134915351867676,13.241797621483322,12.825872353877598,12.839614266777094,640326400
2013-04-30,13.521524429321289,13.596953285917275,13.194464907121093,13.286994504816262,691538400
2013-05-01,13.414944648742676,13.587177634468368,13.265310142908922,13.572824953611802,506909200
2013-05-02,13.605194091796875,13.698943563930817,13.455863765847061,13.490981797690289,421828400
2013-05-03,13.741395950317383,13.840644005407583,13.716048595585448,13.782010103894102,361300800
2013-05-06,14.06906509399414,14.114565399799202,13.87362204416916,13.916374293940619,496641600
2013-05-07,14.006461143493652,14.222973703037686,13.8549935187726,14.199154500041681,483753200
2013-05-08,14.164647102355957,14.211370579215213,13.919429170365172,14.01806562819783,472598000
2013-05-09,14.041078567504883,14.232588221185704,14.004498440776986,14.13452846220608,398487600
2013-05-10,13.924261093139648,14.131448787801938,13.847718994030789,14.07796092466137,334852000
2013-05-13,13.978670120239258,14.075808848393594,13.879073783904305,13.879380779715778,316948800
2013-05-14,13.644224166870117,13.992814704055304,13.591658099776607,13.951316084651824,447118000
2013-05-15,13.182814598083496,13.556305395171528,12.983313276595824,13.499744286654428,741613600
2013-05-16,13.358957290649414,13.459477102251832,12.876955686744745,13.010366742362782,603204000
2013-05-17,13.318379402160645,13.528333380997033,13.249215039874779,13.496363948075746,427904400
2013-05-20,13.615633964538574,13.703857509052808,13.221240351801317,13.276879653598025,451578400
2013-05-21,13.515113830566406,13.694020165186757,13.347274121029107,13.468696717734746,456022000
2013-05-22,13.567061424255371,13.782241651736053,13.47084533947643,13.650059453366184,443038400
2013-05-23,13.591347694396973,13.714922533970762,13.396149256707982,13.40106775629433,353021200
2013-05-24,13.683877944946289,13.699555255426052,13.536634024784489,13.551696522679856,276166800
2013-05-28,13.569830894470215,13.86708577187506,13.55169515632599,13.829891666380757,386145200
2013-05-29,13.677729606628418,13.75611697865411,13.507122810909902,13.525567188155202,330576400
2013-05-30,13.881535530090332,13.971296524778047,13.664203798439448,13.699247294536528,353519600
2013-05-31,13.824666976928711,14.051220069163596,13.817596222086278,13.909814822449396,384302800
2013-06-03,13.855100631713867,13.90551362585948,13.601803573187631,13.855407627607615,372352400
2013-06-04,13.811755180358887,13.969143912901933,13.752734816077515,13.931948163311572,292728800
2013-06-05,13.682646751403809,13.85509796775854,13.639610696273806,13.699245868435202,290589600
2013-06-06,13.478225708007812,13.740744897805165,13.342663246482958,13.6937129731428,416934000
2013-06-07,13.581206321716309,13.625164188990194,13.30331678734283,13.417977278977501,404535600
2013-06-10,13.491446495056152,13.804685727002726,13.427200628361199,13.670967675919167,450153200
2013-06-11,13.451786994934082,13.61040531453482,13.320220421577675,13.394611902905238,286112400
2013-06-12,13.285490989685059,13.563995398381442,13.264280361842461,13.510200518106968,265227200
2013-06-13,13.401375770568848,13.437648886930434,13.179741201603937,13.29501649230861,285832400
2013-06-14,13.21970272064209,13.411520108012363,13.17205516440273,13.384161363383738,271866000
2013-06-17,13.279645919799805,13.3933837736471,13.22923293476866,13.262431990056935,259414400
2013-06-18,13.272574424743652,13.368790520845748,13.224620695438059,13.266119304455067,195025600
2013-06-19,13.0029878616333,13.269195120323127,13.0029878616333,13.261202557434453,310940000
2013-06-20,12.813631057739258,13.094593025927265,12.762295437346607,12.889251365201249,357310800
2013-06-21,12.710957527160645,12.91076749313216,12.544962249991185,12.864349558017038,481118400
2013-06-24,12.374051094055176,12.562179661931625,12.236028526206276,12.523447285579277,480746000
2013-06-25,12.376815795898438,12.535433326070876,12.260003876513178,12.471187468126816,314162800
2013-06-26,12.236637115478516,12.443209123211268,12.162553464595554,12.41585038628364,367724000
2013-06-27,12.104765892028809,12.338696713272112,12.097388962858059,12.272914238169868,337246000
2013-06-28,12.18930435180664,12.304271034198173,11.953836031473656,12.030378975278254,578516400
2013-07-01,12.579387664794922,12.673145319048436,12.333468465078818,12.378656763415465,391053600
2013-07-02,12.864349365234375,12.960873288315684,12.58707630881309,12.602138804995128,469865200
2013-07-03,12.935359001159668,13.002372744504154,12.832380777769918,12.937203438706153,240928800
2013-07-05,12.831459045410156,13.01190283751966,12.767827997720216,12.922757479075628,274024800
2013-07-08,12.758604049682617,12.941507078567437,12.623348580150635,12.914149152995561,298138400
2013-07-09,12.983006477355957,13.018356965503306,12.615049808060935,12.71403215988688,352584400
2013-07-10,12.933208465576172,13.058320776993906,12.856974166057745,12.898472785101532,281405600
2013-07-11,13.13486099243164,13.164371992826343,12.946733289982228,13.001449961525132,326292400
2013-07-12,13.110884666442871,13.211711459418392,13.015591186269674,13.145928160013092,279563200
2013-07-15,13.139470100402832,13.26304493720566,13.058317321581,13.064773262565513,241917200
2013-07-16,13.224315643310547,13.239992131788517,13.038953356599533,13.111191777821851,216538000
2013-07-17,13.227694511413574,13.286408692387447,13.16344865985039,13.208943962181987,198990400
2013-07-18,13.272270202636719,13.367870685424771,13.236919710718475,13.322068379695283,218878800
2013-07-19,13.062932968139648,13.340513893176595,13.044488589254843,13.313462958323514,268721600
2013-07-22,13.104736328125,13.210481619650652,13.07891502297831,13.201567248480703,207796400
2013-07-23,12.879722595214844,13.124719265768785,12.871115218611482,13.095209081116158,369395600
2013-07-24,13.541242599487305,13.666661063789538,13.379858015022585,13.492673233730176,591936800
2013-07-25,13.47945785522461,13.568604042108054,13.396767611177351,13.547086421573054,229493600
2013-07-26,13.555999755859375,13.557536376846508,13.351579093053433,13.381089275269476,200152400
2013-07-29,13.765030860900879,13.832658600038796,13.531714832537254,13.5501583882819,248057600
2013-07-30,13.93502426147461,14.052758004439616,13.809297133659898,13.831737383713426,309422400
2013-07-31,13.910733222961426,14.058591904478359,13.815439767930817,13.98635432379654,322957600
2013-08-01,14.038305282592773,14.04199415717986,13.93317481939394,14.00971855665378,206250800
2013-08-02,14.21844482421875,14.227974829739514,14.037694848708632,14.07919346706417,274783600
2013-08-05,14.430856704711914,14.468359448156347,14.206455877419133,14.284534606110137,318855600
2013-08-06,14.30174732208252,14.5058601277109,14.207067847726163,14.386896793167987,334857600
2013-08-07,14.293450355529785,14.355545606134479,14.19477498716986,14.25717723364657,298858000
2013-08-08,14.26498031616211,14.360593956011536,14.170293744736878,14.353167493447659,255777200
2013-08-09,14.061994552612305,14.247961846470487,14.037241328329179,14.191645327988299,266865200
2013-08-12,14.46147346496582,14.501388651791453,14.12945558962128,14.136573032266723,364434000
2013-08-13,15.148716926574707,15.306216178819689,14.482823678482996,14.572250295715937,881941200
2013-08-14,15.42503547668457,15.602956674811237,15.267227210239213,15.405851266357704,756372400
2013-08-15,15.40677547454834,15.545710180341175,15.133549668872675,15.36067157373579,490294000
2013-08-16,15.543536186218262,15.562411360956089,15.436164832390942,15.476079993537633,362306000
2013-08-19,15.710939407348633,15.896595995030093,15.595212856258417,15.605732850892721,510518400
2013-08-20,15.50455379486084,15.79851219249454,15.496818308480258,15.771901524435044,358688400
2013-08-21,15.54446792602539,15.692683190518196,15.50857335851454,15.58252730562773,335879600
2013-08-22,15.563033103942871,15.644413516828463,15.415744901447644,15.625538337606207,244207600
2013-08-23,15.503009796142578,15.575106326813275,15.45133521756752,15.572630838527203,222731600
2013-08-26,15.563344955444336,15.787062612688352,15.486915511826524,15.494650997784902,330965600
2013-08-27,15.118385314941406,15.549111918965254,15.04752654405995,15.409557537049444,424188800
2013-08-28,15.189861297607422,15.34148241803799,15.038241829705113,15.038241829705113,307608000
2013-08-29,15.214622497558594,15.363148494317924,15.196985056100035,15.213075730463569,239657600
2013-08-30,15.075998306274414,15.253299787859333,15.053718911220514,15.223904603226583,272297200
2013-09-03,15.11807918548584,15.490012200615737,15.080019793603988,15.257940964475923,331928800
2013-09-04,15.43091106414795,15.540759613538949,15.35633904784331,15.457832411433746,345032800
2013-09-05,15.325085639953613,15.492488455136579,15.274648809890738,15.479182293619386,236367600
2013-09-06,15.41636848449707,15.452261410080949,15.160471094418122,15.423176903162153,359525600
2013-09-09,15.662363052368164,15.71651311315221,15.579126833751477,15.626159453379612,340687200
2013-09-10,15.305587768554688,15.701966500025442,15.146541839513526,15.663287423769908,743195600
2013-09-11,14.472302436828613,14.657339398538356,14.382566814576956,14.450641088508574,898696400
2013-09-12,14.626396179199219,14.710250443956966,14.41969623457309,14.496745386068467,404051200
2013-09-13,14.385351181030273,14.599784976505347,14.379164113034046,14.52273747162923,298835600
2013-09-16,13.92801284790039,14.283546099211867,13.83827889600997,14.26467257083227,543706800
2013-09-17,14.088918685913086,14.224758207407783,13.846945500983674,13.861178731706339,399380800
2013-09-18,14.3785400390625,14.430214600324714,14.254149273156179,14.332125475513672,456862000
2013-09-19,14.61432933807373,14.723558193082457,14.519953412787817,14.564821224859921,404541200
2013-09-20,14.46301555633545,14.8077181332753,14.419385498296675,14.79070039455538,699302800
2013-09-23,15.1818208694458,15.3758326969468,14.933039283089697,15.350768794084798,762106800
2013-09-24,15.134167671203613,15.3312730209718,15.094561518045834,15.313017537434687,364344400
2013-09-25,14.899932861328125,15.150879293817061,14.896839327179858,15.137265760529974,316957200
2013-09-26,15.045052528381348,15.117458073052248,14.97326502944152,15.038245762696093,237221600
2013-09-27,14.937684059143066,14.997094129827873,14.874869778683548,14.969554733762054,228040400
2013-09-30,14.752022743225098,14.903951255676608,14.679615554589668,14.767493715016336,260156400
2013-10-01,15.098893165588379,15.135405786086103,14.802459271489129,14.804625736547854,353883600
2013-10-02,15.148399353027344,15.217711353371197,14.968622436607266,15.026794742739499,289184000
2013-10-03,14.958104133605957,15.234734151216829,14.8754876083163,15.17779792362292,322753200
2013-10-04,14.946345329284668,14.994924715238938,14.809268074295833,14.972027277684685,258868400
2013-10-07,15.092391014099121,15.244010473345254,15.018128050839591,15.055569381500513,312292400
2013-10-08,14.881675720214844,15.181821210508794,14.869298279939656,15.160159863762846,290917200
2013-10-09,15.056496620178223,15.093627275964069,14.799361582084254,14.996157858564061,301725200
2013-10-10,15.15087604522705,15.23565902356364,15.070424344275127,15.202861289014448,278602800
2013-10-11,15.248961448669434,15.280832106884157,15.012248356548124,15.068873886693604,267738800
2013-10-14,15.348910331726074,15.396562646283662,15.141903032250234,15.156755959259653,261898000
2013-10-15,15.430599212646484,15.533330301504128,15.332820751805865,15.39439561751903,320073600
2013-10-16,15.505796432495117,15.549735529330547,15.447624102328477,15.495894477993712,251101200
2013-10-17,15.610682487487793,15.61934669219096,15.46153852356058,15.470820773764224,253593200
2013-10-18,15.746528625488281,15.757977344854782,15.648130451995367,15.656794660372759,290542000
2013-10-21,16.13239097595215,16.223362704808537,15.827912482913286,15.835647971792064,398106800
2013-10-22,16.086278915405273,16.351769181334085,15.719915006791572,16.288645898950197,534063600
2013-10-23,16.243776321411133,16.26574668497675,16.059355817194536,16.059355817194536,313723200
2013-10-24,16.45882797241211,16.47615638215809,16.166109058436817,16.24501231803451,384764800
2013-10-25,16.27472686767578,16.499680681818955,16.248425216233358,16.440579634936146,337792000
2013-10-28,16.39601707458496,16.430673901153934,16.189627839381895,16.370024454658232,550440800
2013-10-29,15.98757266998291,16.685954448470145,15.921355843602376,16.59374499762893,635807200
2013-10-30,16.241920471191406,16.32299020355374,15.998089923471108,16.07823258746834,354163600
2013-10-31,16.17385482788086,16.32207183586122,16.129606702587548,16.245024308460742,275696400
2013-11-01,16.091228485107422,16.23882570477656,15.96157772302267,16.214690528623713,274890000
2013-11-04,16.29916763305664,16.301334098107926,16.053481242080696,16.124340017774045,244627600
2013-11-05,16.258943557739258,16.36538789686922,16.183133797945633,16.23202386319892,265213200
2013-11-06,16.21288299560547,16.33551011806726,16.1282266489555,16.313411472277636,223375600
2013-11-07,15.950509071350098,16.283531239496842,15.947086648704996,16.17117637854702,262620400
2013-11-08,16.201675415039062,16.21941582911271,15.953620445088694,16.015556480806122,279316800
2013-11-11,16.154680252075195,16.236223332719312,16.010266987520538,16.183936229946635,227452400
2013-11-12,16.18455696105957,16.306249908378376,16.09087501654377,16.111727024030344,204276800
2013-11-13,16.203853607177734,16.254274078450777,16.08962881697916,16.12199804812478,197220800
2013-11-14,16.438215255737305,16.47307276846314,16.242447379440335,16.271703355859554,282419200
2013-11-15,16.339550018310547,16.467155315866734,16.323988720984495,16.389036340035737,317920400
2013-11-18,16.1416072845459,16.408026006043933,16.128225097247302,16.339554285316282,244944000
2013-11-19,16.170246124267578,16.289449183532383,16.121070602991004,16.15406150197013,208938800
2013-11-20,16.028623580932617,16.197314545525913,16.007771577239343,16.16027626746316,193916800
2013-11-21,16.219728469848633,16.221907584010648,15.987236436233697,16.109551061588466,262026800
2013-11-22,16.178022384643555,16.251473988334716,16.13849581447438,16.169307590388005,223725600
2013-11-25,16.300649642944336,16.366942250692155,16.215371648798918,16.215993303019957,229311600
2013-11-26,16.601295471191406,16.686575091059805,16.30873581163819,16.312469059722712,401382800
2013-11-27,16.992212295532227,16.993457265950934,16.601299894942887,16.691870246271066,363448400
2013-11-29,17.306880950927734,17.37721932133326,17.049800249111193,17.10177654333292,318127600
2013-12-02,17.156238555908203,17.563955666466764,17.143478021450118,17.366944450213158,472544800
2013-12-03,17.62588882446289,17.627757111343154,17.356981839152624,17.376278051246004,450968000
2013-12-04,17.58480453491211,17.715212274625387,17.45470762225255,17.600365833719028,377809600
2013-12-05,17.675065994262695,17.90040069450188,17.62869291545257,17.82290334956324,447580000
2013-12-06,17.429813385009766,17.639275975640285,17.415809541670676,17.609396677377557,344352400
2013-12-09,17.629314422607422,17.727352951284413,17.4572009722511,17.4572009722511,320493600
2013-12-10,17.601913452148438,17.67443252821917,17.4665258937787,17.540600766571846,278269600
2013-12-11,17.47152328491211,17.770622180234035,17.419548651927283,17.64706088015431,359718800
2013-12-12,17.445995330810547,17.59538847487097,17.430123202674263,17.49579415361535,262290000
2013-12-13,17.255830764770508,17.51882539742485,17.23217798595408,17.517891253946647,332822000
2013-12-16,17.351381301879883,17.511357545980285,17.27388561453308,17.27419644166848,282592800
2013-12-17,17.27326011657715,17.41175935165369,17.22315046701817,17.29878118200086,229902400
2013-12-18,17.141918182373047,17.16308268187873,16.769369468974197,17.10861646654831,565863200
2013-12-19,16.945526123046875,17.117950364359405,16.92280582927144,17.1023890657768,320308800
2013-12-20,17.08745574951172,17.168066364428373,16.956737136218308,16.975722525903816,436413600
2013-12-23,17.74322509765625,17.762832136703278,17.51508965206083,17.67817580356457,501306400
2013-12-24,17.667909622192383,17.798939049833155,17.616865822960865,17.737003003496095,167554800
2013-12-26,17.550573348999023,17.72486592583781,17.53438872960251,17.681291950539514,204008000
2013-12-27,17.431991577148438,17.566445087862967,17.41362950602885,17.54808301674338,225884400
2013-12-30,17.258628845214844,17.431987231388494,17.190157136232358,17.3501333374029,253629600
2013-12-31,17.460939407348633,17.469030887018658,17.242451172306378,17.247743545204766,223084400
2014-01-02,17.215373992919922,17.336756158854335,17.180827298088207,17.29473963884105,234684800
2014-01-03,16.837217330932617,17.233107943897647,16.820098572439203,17.206965227751965,392467600
2014-01-06,16.929025650024414,17.018349338980514,16.607519210821348,16.72734549595589,412610800
2014-01-07,16.80796241760254,16.992213061344355,16.741980644614284,16.94117093405386,317209200
2014-01-08,16.91440773010254,16.979766197700926,16.765948716038363,16.769681965910593,258529600
2014-01-09,16.698408126831055,17.020225542696924,16.66199315282743,17.018357255734166,279148800
2014-01-10,16.586984634399414,16.831615519810086,16.530028480708353,16.801425400756482,304976000
2014-01-13,16.673810958862305,16.88451669845878,16.491737862900028,16.492672005807403,378492800
2014-01-14,17.005598068237305,17.016179486905795,16.73388864567004,16.751318233505064,332561600
2014-01-15,17.347023010253906,17.435414260321032,17.169618855910677,17.22750915748911,391638800
2014-01-16,17.250228881835938,17.33115030564298,17.170239939311365,17.270459237787698,229278000
2014-01-17,16.82756996154785,17.18237824664594,16.80360469473185,17.164016178223385,426739600
2014-01-21,17.08901023864746,17.120132841927834,16.819790744516116,16.837531160282587,328526800
2014-01-22,17.164953231811523,17.344845683707195,17.0497959331727,17.146278670962126,379985200
2014-01-23,17.310300827026367,17.320260593868085,16.956426587862858,17.116090360145026,403239200
2014-01-24,16.995637893676758,17.292866712279512,16.954553866199788,17.242446236918973,429354800
2014-01-27,17.133512496948242,17.267344325368015,16.98567682886385,17.120130311412353,554878800
2014-01-28,15.76407527923584,16.028623966655427,15.626196076367355,15.834413602195005,1065523200
2014-01-29,15.585116386413574,15.791154834073705,15.518823789722552,15.68471235715623,502810000
2014-01-30,15.554924011230469,15.76407568564329,15.459064627815847,15.640825294975638,678501600
2014-01-31,15.5804443359375,15.609389476894794,15.36102374517774,15.411755033058615,464797200
2014-02-03,15.609395980834961,15.802363113561384,15.539991773630463,15.643010189487734,401464000
2014-02-04,15.83535099029541,15.856204663129148,15.647676245676843,15.74384814560409,376681200
2014-02-05,15.953619956970215,16.037342142778865,15.75629629427911,15.76594523089924,328344800
2014-02-06,16.046613693237305,16.07761157733137,15.899456514060347,15.969904882534138,257765200
2014-02-07,16.271106719970703,16.372863998488707,16.199094905712936,16.324333861368864,370280400
2014-02-10,16.56259536743164,16.656525383175037,16.218500226802103,16.23916436207032,345559200
2014-02-11,16.780826568603516,16.836869550620307,16.578562838125084,16.613317981376635,282256800
2014-02-12,16.77957534790039,16.893544145565393,16.69566636824096,16.81182565161477,308100800
2014-02-13,17.0460262298584,17.059175834577662,16.725725335556632,16.740127363207574,307398000
2014-02-14,17.032243728637695,17.094552172240437,16.94520453654759,16.984653341031283,272924400
2014-02-18,17.094863891601562,17.25767380719188,17.082965041279166,17.095176579208406,260251600
2014-02-19,16.824974060058594,17.12304396369506,16.730418657715727,17.05604018765911,313768000
2014-02-20,16.630226135253906,16.81338918220971,16.562909673132225,16.687835903982563,305858000
2014-02-21,16.445499420166016,16.73730722940637,16.42514796871962,16.68157525366828,278784800
2014-02-24,16.517513275146484,16.591718913524254,16.35689547353273,16.37975177329806,288909600
2014-02-25,16.345623016357422,16.580759134673716,16.31243464707871,16.574811380263984,231952000
2014-02-26,16.198150634765625,16.43767103186208,16.14335839799275,16.39415059892484,276217200
2014-02-27,16.521270751953125,16.556024230058867,16.157449458349987,16.191577561128,301882000
2014-02-28,16.476497650146484,16.680324856583013,16.347499777616786,16.565416322112778,371968800
2014-03-03,16.52408790588379,16.61457335964848,16.369103516389607,16.388202545345152,238781200
2014-03-04,16.633047103881836,16.676881904891307,16.52440234474434,16.62553423869261,259140000
2014-03-05,16.66811180114746,16.74294112825084,16.566979926272275,16.623026257881648,200062800
2014-03-06,16.61770248413086,16.73323638533845,16.534731572359636,16.681574368206576,185488800
2014-03-07,16.607999801635742,16.656217245182837,16.470549320396497,16.62835125486822,220729600
2014-03-10,16.623023986816406,16.698480350998885,16.542243573004953,16.54287062030736,178584000
2014-03-11,16.78489112854004,16.86786201262049,16.675306689622342,16.764854044623554,279224400
2014-03-12,16.801179885864258,16.82434887149797,16.656841921090724,16.735430197346417,199326400
2014-03-13,16.614572525024414,16.896673629486727,16.567920197840767,16.827166678362364,257742800
2014-03-14,16.4279727935791,16.622093367855356,16.375058332867148,16.556341987728466,237199200
2014-03-17,16.492149353027344,16.593279548134795,16.46428336920681,16.522207494350948,199544800
2014-03-18,16.638059616088867,16.655906227208032,16.443939052231848,16.465855620388776,209647200
2014-03-19,16.63367462158203,16.789597094977996,16.56291356258698,16.66498519461673,224756000
2014-03-20,16.553516387939453,16.67781723639409,16.51124838079313,16.59077470486462,208398400
2014-03-21,16.684080123901367,16.711633424158645,16.479314858522947,16.654649025598882,374046400
2014-03-24,16.881959915161133,16.922975506600185,16.752649354895482,16.857851194978156,355700800
2014-03-25,17.063552856445312,17.087348884306586,16.894479160630738,16.95428275394523,282293200
2014-03-26,16.900423049926758,17.18910049356219,16.871619013550326,17.1114519949431,299768000
2014-03-27,16.82779312133789,16.954286148961803,16.754528897494012,16.907946506478968,222031600
2014-03-28,16.80900764465332,16.87413195990752,16.72728914487701,16.854720242040006,200564000
2014-03-31,16.805248260498047,16.932679328939017,16.779885449726187,16.883209474199735,168669200
2014-04-01,16.958980560302734,16.965869721226227,16.806188334927732,16.837184542704136,200760000
2014-04-02,16.987159729003906,17.016278139637464,16.91546061739507,16.981837350397807,180420800
2014-04-03,16.869434356689453,16.9855936327019,16.833428459148482,16.950840157826523,162344000
2014-04-04,16.65119743347168,16.907311923301876,16.612374017038128,16.901364171891153,275251200
2014-04-07,16.38976287841797,16.62239573867906,16.340294702273205,16.532222998854873,289850400
2014-04-08,16.388830184936523,16.472740840310053,16.24042059150307,16.443622428276363,243888400
2014-04-09,16.60423469543457,16.609557071990455,16.34436292978706,16.363774638689744,206169600
2014-04-10,16.39008140563965,16.6643552898908,16.38037471163148,16.615510804331347,239652000
2014-04-11,16.268911361694336,16.369728874739042,16.191575518755396,16.24981066258317,271717600
2014-04-14,16.333723068237305,16.34875046768196,16.193767765453497,16.340610556644172,205674000
2014-04-15,16.217248916625977,16.332468450729788,16.00966447054314,16.289575067151713,266490000
2014-04-16,16.25012969970703,16.31525402277525,16.09765012756366,16.220071548078554,214765600
2014-04-17,16.4357967376709,16.524091726125388,16.256078211345244,16.281126672201395,284334400
2014-04-21,16.630855560302734,16.661224723198217,16.40511011174506,16.448317862500442,182548800
2014-04-22,16.647443771362305,16.651513725990963,16.484632209208176,16.54130223070359,202563200
2014-04-23,16.429840087890625,16.62959727476109,16.420446084091637,16.564785671477235,394940000
2014-04-24,17.77678871154785,17.846610001559785,17.556367400343152,17.790565357021755,759911600
2014-04-25,17.907358169555664,17.908921607862418,17.65750567899777,17.67535061333966,390275200
2014-04-28,18.600868225097656,18.652842926382256,17.926452875237096,17.93428177049864,669485600
2014-04-29,18.545759201049805,18.660040656952226,18.457465928447338,18.58990667341407,337377600
2014-04-30,18.475624084472656,18.76805884976888,18.466544440497323,18.55546475492097,456640800
2014-05-01,18.519149780273438,18.623097510934137,18.358843033093493,18.535429601808264,244048000
2014-05-02,18.553592681884766,18.60431664317293,18.463734268973454,18.546079816941045,191514400
2014-05-05,18.815961837768555,18.817215932235182,18.472806477054043,18.477190791309372,287067200
2014-05-06,18.610889434814453,18.923986751626465,18.610889434814453,18.842268259971576,374564400
2014-05-07,18.545759201049805,18.701056237197022,18.401733966705766,18.63718436577174,282864400
2014-05-08,18.512704849243164,18.714837217248284,18.46264424913462,18.520890224808408,230297200
2014-05-09,18.435569763183594,18.45792317228424,18.271532665378366,18.40408431219746,291597600
2014-05-12,18.665088653564453,18.691220310367743,18.49412563924912,18.496960590241358,213208800
2014-05-13,18.694374084472656,18.718931897454056,18.59803280048893,18.638961367813838,159737200
2014-05-14,18.697834014892578,18.808975540723143,18.630772114763975,18.65249665277921,166404000
2014-05-15,18.538835525512695,18.783786407380777,18.514277718654487,18.723966582883165,230846000
2014-05-16,18.812437057495117,18.813065925623846,18.431156328806736,18.532851367377322,276256400
2014-05-19,19.03535270690918,19.121620315764787,18.806772548728883,18.82314498235966,317755200
2014-05-20,19.039134979248047,19.09234329794589,18.91382538682489,19.032837888060982,234836000
2014-05-21,19.089502334594727,19.10178039636199,18.955692984091204,19.011420116806967,196859600
2014-05-22,19.119726181030273,19.200957781761403,19.019921111831415,19.098632195702763,200760000
2014-05-23,19.335723876953125,19.35461515390396,19.09455112634712,19.11910894564992,232209600
2014-05-27,19.697792053222656,19.705032445690172,19.382944276173692,19.390815218380023,348866000
2014-05-28,19.64678192138672,19.830022996044633,19.63953984912788,19.71006556000611,315481600
2014-05-29,20.00476837158203,20.051681274881535,19.765169545676663,19.76768838184665,376474000
2014-05-30,19.92983627319336,20.28151995906213,19.800748436787327,20.08662962705341,564020800
2014-06-02,19.792871475219727,19.98744731389529,19.599240620222897,19.960056238936986,369350800
2014-06-03,20.07276725769043,20.110549785165055,19.78027467038565,19.786886192327362,292709200
2014-06-04,20.30197525024414,20.3986342840158,20.027743390161444,20.06961860242637,335482000
2014-06-05,20.38163948059082,20.445239250262855,20.232402647958853,20.345432473390424,303805600
2014-06-06,20.325590133666992,20.50474019265526,20.29095867046942,20.461919992529534,349938400
2014-06-09,20.650827407836914,20.690498222742022,20.221061647586122,20.43043436535641,301660000
2014-06-10,20.772050857543945,20.948366020167857,20.622183473753424,20.877840291411495,251108000
2014-06-11,20.68609619140625,20.88445031473544,20.600143018207916,20.745601587672063,182724000
2014-06-12,20.340070724487305,20.743390328998558,20.254117586668865,20.725758484967802,218996000
2014-06-13,20.11747932434082,20.373136094725638,20.02932175933,20.320240546839724,218100000
2014-06-16,20.320241928100586,20.44145879841335,20.154947113019077,20.16817184162235,142244000
2014-06-17,20.293798446655273,20.43044110191063,20.23208864344756,20.344487921519026,118904000
2014-06-18,20.31583595275879,20.340079328189546,20.13290927685977,20.33567052458437,134056000
2014-06-19,20.245304107666016,20.34227758007182,20.13069878910181,20.34007317893567,142112000
2014-06-20,20.035934448242188,20.397378942164792,20.033730046770586,20.243102787000094,403592000
2014-06-23,20.0183048248291,20.192415568197088,19.967613674140868,20.126296968423883,174776000
2014-06-24,19.89708137512207,20.218854979288512,19.877246810626225,20.000666362507797,156144000
2014-06-25,19.914716720581055,19.9896495526903,19.75823785223624,19.88165742581174,147476000
2014-06-26,20.033729553222656,20.066788848619623,19.791297522754256,19.91692150009024,130516000
2014-06-27,20.271760940551758,20.276168063329113,20.005083772202543,20.01610410134516,256116000
2014-06-30,20.481124877929688,20.657439979102286,20.295993853551916,20.298198254719566,197929200
2014-07-01,20.611160278320312,20.73237714594502,20.525207110901256,20.611160278320312,152892000
2014-07-02,20.60234832763672,20.730175051444018,20.516393469185697,20.688301504621784,113860000
2014-07-03,20.72356605529785,20.738993507370303,20.540639351105796,20.644224392792047,91567200
2014-07-07,21.15110969543457,21.15551681417645,20.73897431228749,20.747790231235857,225872000
2014-07-08,21.014484405517578,21.334055449799724,20.699322165413736,21.217245679600378,260888000
2014-07-09,21.023290634155273,21.146710190755158,20.884443632980403,21.034310958051126,145744000
2014-07-10,20.9461612701416,21.05856222648308,20.611162803016487,20.66405835980423,158744000
2014-07-11,20.98583221435547,21.133495194581883,20.906490560196143,21.01668711525454,136072000
2014-07-14,21.256919860839844,21.353893390456083,21.080606339634233,21.126888702005694,171240000
2014-07-15,21.00786781311035,21.345068948366272,20.94395361967157,21.334050303510722,181911600
2014-07-16,20.888858795166016,21.400170745516,20.880042868948568,21.371520246408792,213585200
2014-07-17,20.516389846801758,20.99905120270354,20.401786191544804,20.943952935827653,229192000
2014-07-18,20.811721801757812,20.880043128961322,20.500966704220534,20.63320391766296,199952000
2014-07-21,20.703725814819336,20.937341934120496,20.65523906972686,20.935137532580192,156316000
2014-07-22,20.875629425048828,20.913095839027964,20.74339393476244,20.866813501501003,220788000
2014-07-23,21.420005798339844,21.57207589302912,20.97481079739445,21.029909072063322,371672000
2014-07-24,21.384740829467773,21.448655026075844,21.25030091271732,21.38694523113448,182916000
2014-07-25,21.52579116821289,21.56325758730062,21.298786570666902,21.345068914504516,173876000
2014-07-28,21.823322296142578,21.871809043342292,21.499345877197324,21.558851269646027,221272000
2014-07-29,21.682273864746094,21.915891708064493,21.653623365366503,21.891648331102527,172572000
2014-07-30,21.631582260131836,21.75279745153874,21.52579283640054,21.69549645842239,132040000
2014-07-31,21.069581985473633,21.477308922143482,21.01007658277815,21.413396396882657,227372000
2014-08-01,21.186386108398438,21.294379927913926,20.89546731097259,20.915303562472364,194044000
2014-08-04,21.067373275756836,21.285563631113817,20.974808587616995,21.239281287043898,159832000
2014-08-05,20.963794708251953,21.08721432049438,20.796295462018584,21.01668858757498,223732000
2014-08-06,20.92852783203125,21.043133181587887,20.87342955898521,20.88224548444848,154232000
2014-08-07,20.926315307617188,21.251903244735338,20.842148270004724,21.025984842881766,186844000
2014-08-08,20.983898162841797,21.001617714388615,20.660523951344878,20.877584233219782,167460000
2014-08-11,21.26076316833496,21.28069808942305,21.006050066667484,21.10129055894907,146340000
2014-08-12,21.256324768066406,21.457879117998683,21.176588498471734,21.271828948830425,135180000
2014-08-13,21.537622451782227,21.537622451782227,21.271835925843185,21.296199887867708,127664000
2014-08-14,21.59521484375,21.6107190329677,21.44017295157298,21.557562054196993,112464000
2014-08-15,21.7015323638916,21.74804493555859,21.453463625170976,21.683812806162265,195804000
2014-08-18,21.9628849029541,22.009397463983394,21.701527400625473,21.81448575319819,190288000
2014-08-19,22.266321182250977,22.2995449183855,21.99831930647013,22.01825422408261,277596000
2014-08-20,22.275178909301758,22.3903526021693,22.137854934495344,22.246385908542187,210796000
2014-08-21,22.27739715576172,22.357133449529037,22.17329690057497,22.27518178931555,133912000
2014-08-22,22.44129753112793,22.474521266644224,22.191015211253372,22.213163804987776,176736000
2014-08-25,22.490028381347656,22.629566060900448,22.43244067827191,22.545400717812516,161080000
2014-08-26,22.3460636138916,22.48117227209254,22.339419202804653,22.463452715974082,132608000
2014-08-27,22.620698928833008,22.71815475006744,22.303969199650155,22.374845699685455,209476000
2014-08-28,22.64728355407715,22.764672626331926,22.494455378590274,22.50109978798893,273840000
2014-08-29,22.70265007019043,22.79124611574722,22.63620261356558,22.78238634220864,178380000
2014-09-02,22.879852294921875,22.97730646735124,22.75138805645843,22.826693630146114,214256000
2014-09-03,21.914155960083008,22.857699336961186,21.83441966206097,22.835550740806077,501684000
2014-09-04,21.732534408569336,22.168866984082502,21.659442521619336,21.89422067867499,342872000
2014-09-05,21.920799255371094,22.013824368390367,21.77461548648696,21.88314647483893,233828000
2014-09-08,21.78569221496582,21.99610641780371,21.717031058428542,21.99389274102029,185426800
2014-09-09,21.70374298095703,22.8311247575297,21.293987982765195,21.94516727394528,759385200
2014-09-10,22.37041473388672,22.394778687100036,21.65279002151611,21.70816233521385,403478400
2014-09-11,22.465662002563477,22.467877368936158,22.064766870408405,22.239743637603066,249412400
2014-09-12,22.516605377197266,22.633994447961896,22.388141164355833,22.41693416799432,250504400
2014-09-15,22.50996208190918,22.824478243874797,22.46788025440033,22.771319583079976,245266000
2014-09-16,22.33941078186035,22.428006839226057,21.903076593443377,22.10463266619609,267632400
2014-09-17,22.49888801574707,22.54761594190088,22.279612348054936,22.430225169880526,243706000
2014-09-18,22.54539680480957,22.669430276218005,22.49445352057864,22.576405172661676,149197600
2014-09-19,22.361557006835938,22.669426963976925,22.25967214308984,22.656138148218886,283609600
2014-09-22,22.383712768554688,22.62292166782094,22.2773988287672,22.547616101290604,211153600
2014-09-23,22.733667373657227,22.800114856415416,22.268540063838948,22.281828884458715,253608800
2014-09-24,22.536540985107422,22.78017892806158,22.414721168715538,22.627352428204933,240687200
2014-09-25,21.677165985107422,22.306195006113576,21.64394224051516,22.261897806543793,400368000
2014-09-26,22.31505012512207,22.31505012512207,21.794550534611176,21.82334353933723,249482000
2014-09-29,22.173301696777344,22.246393596845795,21.84549667484691,21.849927408697642,199065200
2014-09-30,22.31505012512207,22.490026899602316,22.266322201870672,22.328338944252636,221056400
2014-10-01,21.967308044433594,22.301757348449136,21.86099244076675,22.279607067389534,205965200
2014-10-02,22.126787185668945,22.197663712582916,21.71481684490972,21.987247808741976,191031200
2014-10-03,22.064769744873047,22.195447650785088,21.936305515792654,22.024901594118084,173878400
2014-10-06,22.064769744873047,22.292903505926027,22.02047086079551,22.13785994639911,148204800
2014-10-07,21.87207794189453,22.175519023958852,21.86764889748213,22.022690799366092,168376800
2014-10-08,22.32612419128418,22.394785339921302,21.77461456634086,21.874285774503473,229618800
2014-10-09,22.374853134155273,22.676078781850507,22.28404338041915,22.490028541125014,309506000
2014-10-10,22.310619354248047,22.598554448698888,22.215378881585767,22.301759578903958,265326400
2014-10-13,22.106849670410156,22.543183924511727,22.106849670410156,22.443514401114598,214333600
2014-10-14,21.87207794189453,22.264113430846837,21.832209782862943,22.23532041759124,254754400
2014-10-15,21.604068756103516,21.960666701120214,21.081353818929827,21.69930923253337,403734400
2014-10-16,21.320560455322266,21.643934629999315,21.132294888604502,21.163303255366053,288618000
2014-10-17,21.632863998413086,21.92744523388192,21.442383025841483,21.595211215186737,272718800
2014-10-20,22.095775604248047,22.14007279345479,21.754681839901878,21.77683043450525,310069200
2014-10-21,22.69601821899414,22.817836370429845,22.430229935277243,22.817836370429845,378495600
2014-10-22,22.811189651489258,23.059258353231208,22.72480893272273,22.777965908156798,273052400
2014-10-23,23.218732833862305,23.2674607693522,22.952944555689207,23.052615793690336,284298800
2014-10-24,23.305112838745117,23.364914227832223,23.152284625768264,23.296253060763718,188215600
2014-10-27,23.280744552612305,23.362696216363823,23.189933112523093,23.223156851332064,136750800
2014-10-28,23.64177703857422,23.64177703857422,23.333906921359453,23.344982066802263,192243600
2014-10-29,23.77466583251953,23.781311932424607,23.557607217516452,23.621839331295213,210751600
2014-10-30,23.694931030273438,23.77688100698119,23.455722130512722,23.690500297039197,162619200
2014-10-31,23.920848846435547,23.929708622861924,23.74587206413115,23.923064212999535,178557200
2014-11-03,24.230932235717773,24.430272964067356,23.923062212422636,23.9695747673993,209130400
2014-11-04,24.053739547729492,24.250864905160718,23.85882955662597,24.222071902218076,166297600
2014-11-05,24.1113338470459,24.208789714203522,23.949645857428006,24.164490824663762,149743600
2014-11-06,24.180286407470703,24.200307766880673,23.9800829963121,24.15804177258162,139874000
2014-11-07,24.249250411987305,24.318209299044753,24.146923719297927,24.191412995369102,134766000
2014-11-10,24.209211349487305,24.320436245849383,24.17361856801597,24.25147565603798,108782000
2014-11-11,24.402738571166992,24.41386173829326,24.113554894611262,24.180288805897806,109769200
2014-11-12,24.747533798217773,24.78757481966521,24.329328894222108,24.331552169689246,187769600
2014-11-13,25.09677505493164,25.236917754781167,24.82538614972379,24.869877107962424,238091600
2014-11-14,25.39931297302246,25.401537945765824,24.738636932268605,25.17018999800696,176254400
2014-11-17,25.35704803466797,26.08890795933285,25.203558852110366,25.41933369682549,186986800
2014-11-18,25.68627166748047,25.735210881669587,25.334800672083002,25.345923837910284,176896000
2014-11-19,25.508312225341797,25.746333388090783,25.314782030538396,25.679599481907744,167476800
2014-11-20,25.873138427734375,25.995486509520187,25.548361889089048,25.561710032565887,173582000
2014-11-21,25.90872573852539,26.153420153225316,25.810847293782576,26.14007370972661,228717200
2014-11-24,26.389217376708984,26.42036021082831,25.942094530928454,25.99325703105713,189803200
2014-11-25,26.16008758544922,26.638354838473195,26.126719786930014,26.487088956055302,275361600
2014-11-26,26.471521377563477,26.493766014079615,26.211255566295023,26.23572517560987,163073200
2014-11-28,26.455949783325195,26.560501441116475,26.26019460728761,26.53158188639984,99257600
2014-12-01,25.5972900390625,26.527129966573746,24.751980396904376,26.429251543523065,335256000
2014-12-02,25.499420166015625,25.7485645549756,25.08121514966306,25.248052500991193,237395600
2014-12-03,25.78860092163086,25.88202941415423,25.60619218506557,25.748559896669846,172253600
2014-12-04,25.69072151184082,26.07111038600558,25.64623224008095,25.75300717116741,168178000
2014-12-05,25.581722259521484,25.821968406319883,25.501640210588686,25.801947045508197,153275600
2014-12-08,25.00334930419922,25.503861182942348,24.82983879111334,25.381513155942454,230659600
2014-12-09,25.385971069335938,25.426012100090304,24.324884602923905,24.511743312163354,240832000
2014-12-10,24.903247833251953,25.548352421768918,24.812044321937268,25.45047568976741,178261200
2014-12-11,24.829845428466797,25.314786024055365,24.767558063516873,24.972213154038013,165606800
2014-12-12,24.409412384033203,24.885454724372813,24.376044581322923,24.57179975491591,224112400
2014-12-15,24.07573699951172,24.825391564923383,23.657530386627126,24.62518645206979,268872400
2014-12-16,23.746511459350586,24.505065942148786,23.637511554085382,23.661981163024482,243162800
2014-12-17,24.338232040405273,24.433883819662668,23.762086208840998,23.828821823886408,213647200
2014-12-18,25.05896759033203,25.05896759033203,24.616293011569823,24.885457036704487,236024800
2014-12-19,24.86543083190918,25.190207237760504,24.838737950184573,24.97220745027793,353719200
2014-12-22,25.123472213745117,25.245818542882127,24.907695711276233,24.94996170166073,180670000
2014-12-23,25.034494400024414,25.21022990148961,25.016698013182072,25.18798526651511,104113600
2014-12-24,24.916593551635742,25.072307676393304,24.916593551635742,25.043389823840236,57918400
2014-12-26,25.35704803466797,25.474946137631417,24.916598453892924,24.936618117947695,134884000
2014-12-29,25.33926010131836,25.53056538732659,25.29254414508427,25.31256551163566,110395600
2014-12-30,25.03005027770996,25.34148033127439,24.93884674394993,25.279194659992957,119526000
2014-12-31,24.554000854492188,25.165737618670832,24.516184807296952,25.096778744708132,165613600
2015-01-02,24.320432662963867,24.78980179223696,23.87998139150813,24.778678625376525,212818400
2015-01-05,23.635290145874023,24.169169980365208,23.44843313723857,24.089087920333668,257142000
2015-01-06,23.63751220703125,23.89777802149258,23.274918008457785,23.699797868903328,263188400
2015-01-07,23.968965530395508,24.069067259780194,23.735392565621556,23.846617463674438,160423600
2015-01-08,24.889902114868164,24.94773952442875,24.18028687717126,24.298186668971617,237458000
2015-01-09,24.916593551635742,25.192430728559142,24.516183377749616,25.063409483956207,214798000
2015-01-12,24.302637100219727,25.054516703419324,24.202535383704063,25.04784348193922,198603200
2015-01-13,24.518413543701172,25.092334348788434,24.227004892575085,24.787577557600926,268367600
2015-01-14,24.42498779296875,24.578476995083378,24.135802385068178,24.255925476173466,195826400
2015-01-15,23.7620849609375,24.48282175865421,23.726493879364345,24.469475315208914,240056000
2015-01-16,23.57744789123535,23.931143866715107,23.401712389817426,23.80879582865299,314053200
2015-01-20,24.184738159179688,24.240350599134697,23.690899420834086,23.988981284357585,199599600
2015-01-21,24.369369506835938,24.705267389677548,24.08463241623283,24.235898306145774,194303600
2015-01-22,25.00334930419922,25.018920716984958,24.40718397629891,24.52730703085607,215185600
2015-01-23,25.13237762451172,25.30366321336069,24.809824415805338,24.981111701811493,185859200
2015-01-26,25.159067153930664,25.439354322694612,25.09233324518674,25.301434862506042,222460000
2015-01-27,24.278162002563477,25.021144940628666,24.253692397895794,25.007796803528418,382274800
2015-01-28,25.650676727294922,26.27576159595501,25.650676727294922,26.166760010959198,585908400
2015-01-29,26.44927406311035,26.51378469048546,25.706291059166713,25.87535333445469,337745600
2015-01-30,26.062211990356445,26.693968428529715,25.99325141784945,26.338049188914013,334982000
2015-02-02,26.389217376708984,26.509340464236598,25.82197144340084,26.260197791281996,250956400
2015-02-03,26.393661499023438,26.491538228734484,26.162313570071944,26.360293699213326,207662800
2015-02-04,26.596094131469727,26.807422432641452,26.31803191715725,26.360297916823008,280598800
2015-02-05,26.785921096801758,26.850686325109223,26.631824460351066,26.80378601534649,168984800
2015-02-06,26.560361862182617,26.855154340636652,26.45316382281068,26.80378822297082,174826400
2015-02-09,26.736787796020508,26.76358602482178,26.448694909423025,26.475494842079126,155559200
2015-02-10,27.250442504882812,27.27947619347403,26.83505459157774,26.83728664158094,248034000
2015-02-11,27.889158248901367,27.898091559982237,27.3576390185011,27.417936738478385,294247200
2015-02-12,28.24201774597168,28.469812930001105,28.04325625033411,28.152686334663176,297898000
2015-02-13,28.380481719970703,28.425146574014246,28.061123072379967,28.425146574014246,217088800
2015-02-17,28.547977447509766,28.782472190621913,28.344748442965244,28.47204515109199,252609600
2015-02-18,28.746742248535156,28.760141365502836,28.4631151111148,28.503314165872993,179566800
2015-02-19,28.68643569946289,28.81596614420728,28.659637472174214,28.69313525628506,149449600
2015-02-20,28.920930862426758,28.920930862426758,28.597106449370063,28.724401438686076,195793600
2015-02-23,29.70258140563965,29.70258140563965,28.956667773152923,29.037065874168317,283896400
2015-02-24,29.517223358154297,29.836583759103156,29.293895645609243,29.689186650972914,276912400
2015-02-25,28.762367248535156,29.38992082288073,28.619437685343005,29.38098580834458,298846800
2015-02-26,29.12639045715332,29.226887213809082,28.275512692313526,28.762365312770456,365150000
2015-02-27,28.688674926757812,29.15989646219233,28.639542565132608,29.032598050424323,248059200
2015-03-02,28.82936668395996,29.095127143417336,28.652939332733023,28.865099927252135,192386800
2015-03-03,28.889671325683594,28.92540457543186,28.606044193335897,28.800341609023185,151265200
2015-03-04,28.70654296875,28.93433819206644,28.65741400657439,28.83160935154858,126665200
2015-03-05,28.230852127075195,28.75343806710463,28.085688798004263,28.715472771397522,226068400
2015-03-06,28.273284912109375,28.89190185712468,28.19735431616849,28.67527372751503,291368400
2015-03-09,28.393884658813477,28.936572761262916,27.9293626172482,28.577013311219282,354114000
2015-03-10,27.806529998779297,28.41174780896457,27.647967549957766,28.23085293284585,275426400
2015-03-11,27.299571990966797,27.864590683861785,27.2705400092887,27.860124880470842,275756000
2015-03-12,27.793127059936523,27.89362553089279,27.163343116592372,27.315205996029857,193450800
2015-03-13,27.60106658935547,28.005290840517024,27.375506863940092,27.78196316508045,207309200
2015-03-16,27.904788970947266,27.904788970947266,27.440268757456078,27.665828455442682,143497200
2015-03-17,28.371553421020508,28.434084909271395,28.061128030164138,28.11695995951032,204092400
2015-03-18,28.690906524658203,28.84500316480817,28.221918750466266,28.362614571567367,261083600
2015-03-19,28.47427749633789,28.865100912954293,28.45194507044507,28.75343707963532,183238000
2015-03-20,28.11695098876953,28.675268400244406,27.95168900771129,28.641770616408408,274780400
2015-03-23,28.409515380859375,28.552444966857443,28.25541872876409,28.38941670651046,150838800
2015-03-24,28.293384552001953,28.594874877800912,28.264350862901242,28.413981704634534,131369200
2015-03-25,27.554161071777344,28.322408627846965,27.554161071777344,28.259877167023532,206620800
2015-03-26,27.746231079101562,27.889160661047796,27.379973812382463,27.415707059796528,190291600
2015-03-27,27.525136947631836,27.848961406650208,27.449206353212908,27.819929421229148,158184800
2015-03-30,28.221914291381836,28.22861384792027,27.692627174735108,27.70379423820227,188398800
2015-03-31,27.788665771484375,28.248720288123753,27.773032900642892,28.159388867377384,168362400
2015-04-01,27.748464584350586,27.942760281749532,27.491637408392435,27.8757612953761,162485600
2015-04-02,27.9874267578125,28.041024927702686,27.735067075051738,27.92266152159494,128880400
2015-04-06,28.440784454345703,28.47651770696041,27.76633549786807,27.797601241978306,148776000
2015-04-07,28.141523361206055,28.612743230731876,28.13482380296402,28.505546891149116,140049200
2015-04-08,28.049951553344727,28.228614348861864,27.9092557519769,28.105783463961995,149316800
2015-04-09,28.264347076416016,28.26881458361224,27.84002590093208,28.105784648045375,129936000
2015-04-10,28.38494300842285,28.40950918539536,27.97402096425488,28.128115878890522,160752000
2015-04-13,28.329113006591797,28.713238553875073,28.275514845883464,28.66857029621765,145460400
2015-04-14,28.206287384033203,28.427381315785674,28.119189722922986,28.36261608247333,102098400
2015-04-15,28.313478469848633,28.391642804577476,28.141516933445175,28.230848331930158,115881600
2015-04-16,28.177249908447266,28.38494469638553,28.163850794339893,28.201816086880648,113476000
2015-04-17,27.86012840270996,28.17055374519729,27.795363170297176,28.038791230321443,207828000
2015-04-20,28.496610641479492,28.612740281366165,27.9539243296978,28.043255739378658,188217200
2015-04-21,28.342517852783203,28.630609072444127,28.288917980602285,28.608278348151323,129740400
2015-04-22,28.72440528869629,28.78023720904142,28.21075264383407,28.360381781433826,150618000
2015-04-23,28.958900451660156,29.1263962151015,28.617209366856617,28.65294261424118,183083600
2015-04-24,29.095129013061523,29.173295061822373,28.86063427448883,29.142029323860005,178103600
2015-04-27,29.624406814575195,29.731606523499018,29.289415391533446,29.548476243202554,387816800
2015-04-28,29.15766143798828,30.046504652742044,28.93656921509768,30.028641437076313,475696000
2015-04-29,28.728872299194336,29.387688266320986,28.65294170668969,29.0683313231756,253544400
2015-04-30,27.949459075927734,28.728872190424035,27.82216236838046,28.728872190424035,332781600
2015-05-01,28.798107147216797,29.06163561358785,27.982962379436504,28.16162352279231,234050400
2015-05-04,28.742273330688477,29.15989843272447,28.644008600797655,28.920936166152686,203953200
2015-05-05,28.09462547302246,28.68644251770801,28.090157964842682,28.619443525852404,197085600
2015-05-06,27.918195724487305,28.306785438036545,27.54970468570634,28.264352630607828,288564000
2015-05-07,28.09087562561035,28.27476919935701,27.812791325039594,27.980986729477593,175763600
2015-05-08,28.620126724243164,28.620126724243164,28.281492877176024,28.40932129864255,222201600
2015-05-11,28.328594207763672,28.606676826399557,28.17385387201172,28.56855294137938,168143200
2015-05-12,28.227670669555664,28.454172550026936,27.992196452503954,28.167119374440933,192640000
2015-05-13,28.259075164794922,28.523702708268758,28.227678821583822,28.290471508006025,138776800
2015-05-14,28.918397903442383,28.918397903442383,28.516973015362268,28.57303815415217,180814000
2015-05-15,28.87803077697754,29.03949863999735,28.75244542172753,28.945309623559844,152832000
2015-05-18,29.196481704711914,29.315339523078,28.78608448543216,28.790570654600064,203531600
2015-05-19,29.169574737548828,29.351225256440074,29.073140910541177,29.308615199525867,178532800
2015-05-20,29.16732406616211,29.373643343707954,29.005856210353336,29.153868981835398,145819600
2015-05-21,29.465591430664062,29.519415190733618,29.11574554507242,29.169569305141973,158921600
2015-05-22,29.723491668701172,29.819925484214373,29.467834779633826,29.51268962700429,182384000
2015-05-26,29.068649291992188,29.806468364377803,28.95651902510816,29.736948146420776,282790400
2015-05-27,29.61136245727539,29.660700053598696,29.165086138638944,29.23012019454992,183332800
2015-05-28,29.55305290222168,29.591176782375417,29.400557381606728,29.570994155578294,122933200
2015-05-29,29.21666145324707,29.47904586162355,29.131441357179046,29.42970827147302,203538000
2015-06-01,29.274965286254883,29.465588087337622,29.165079827087666,29.21665878592011,128451200
2015-06-02,29.1448974609375,29.30187913395638,29.00137087104255,29.122470041101735,134670400
2015-06-03,29.180776596069336,29.364671857620934,29.131439009894216,29.301879188296933,123934000
2015-06-04,29.010343551635742,29.283941683817417,28.909426993162494,29.059681144123864,153800400
2015-06-05,28.851116180419922,29.08434905085685,28.78608213155326,29.04173900210717,142507200
2015-06-08,28.660493850708008,28.976701990945653,28.44296088234116,28.907178358441183,210699200
2015-06-09,28.575275421142578,28.723288187543126,28.171607506451284,28.41380757087726,224301600
2015-06-10,28.902694702148438,29.005852617170312,28.67170494699803,28.68740311375856,156349200
2015-06-11,28.837656021118164,29.19422938430922,28.812987229969774,28.969968890939715,141563600
2015-06-12,28.519207000732422,28.779349998590728,28.505751918419683,28.747953665879802,147544800
2015-06-15,28.46314811706543,28.534911423420617,28.19179306144201,28.27925453759451,175955600
2015-06-16,28.61564064025879,28.67170576757551,28.3398011720048,28.48781221841555,125976400
2015-06-17,28.54836654663086,28.67843635548375,28.422779484639946,28.64255555989498,131672400
2015-06-18,28.678436279296875,28.77486837670789,28.53042521755676,28.532668301953876,141628800
2015-06-19,28.39137840270996,28.664976481116188,28.34652698797561,28.640307689720753,218867600
2015-06-22,28.617887496948242,28.7188040550328,28.49902968512399,28.5909756163387,136157200
2015-06-23,28.487817764282227,28.61788929561195,28.454178339149056,28.588736039681727,121075600
2015-06-24,28.730018615722656,29.10901948506068,28.508001154789742,28.52818378261447,221123600
2015-06-25,28.593219757080078,28.974462002785604,28.593219757080078,28.898214238033376,127752400
2015-06-26,28.425029754638672,28.703112406893798,28.371207692163733,28.631349086603038,176267200
2015-06-29,27.92716407775879,28.362230062047647,27.91595207762097,28.135726443209705,196645600
2015-06-30,28.128997802734375,28.283738112955014,28.001169371543593,28.160394139449863,177482800
2015-07-01,28.39137840270996,28.46762786092452,28.25457936350685,28.45865723578329,120955200
2015-07-02,28.355506896972656,28.411572039232745,28.205251015376632,28.353263812209992,108844000
2015-07-06,28.25682830810547,28.308408985622616,27.998928342464044,28.01911268096107,112241600
2015-07-07,28.18730354309082,28.290463170521164,27.75672207128658,28.232154959896405,187787200
2015-07-08,27.48761558532715,27.951834856068285,27.480888042572847,27.915954057721272,243046400
2015-07-09,26.926959991455078,27.821758968025282,26.736338895730672,27.774664465150213,314380000
2015-07-10,27.646841049194336,27.7746694975796,27.182621767061306,27.34633272564635,245418000
2015-07-13,28.18058204650879,28.20300775972198,27.88007201434083,28.039296802418413,165762000
2015-07-14,28.16936683654785,28.339805327655316,28.04153839596029,28.265798938111953,127072400
2015-07-15,28.44072151184082,28.51472790040736,28.162638922315423,28.194035260924476,134596800
2015-07-16,28.81971549987793,28.833174004253067,28.55957421069555,28.647035668443852,144889600
2015-07-17,29.068649291992188,29.068649291992188,28.774868540267114,28.94755010941288,184658800
2015-07-20,29.61809539794922,29.819928544048835,29.31085608726878,29.371407399876567,235600800
2015-07-21,29.32206153869629,29.808706432376386,29.225631162402244,29.793009976164154,307025600
2015-07-22,28.08190155029297,28.144694219816735,27.357539344636574,27.357539344636574,461802400
2015-07-23,28.068452835083008,28.50127407834909,28.046025410046116,28.301682314521408,203998000
2015-07-24,27.920434951782227,28.198517519619383,27.78587898095599,28.104328511138217,168649200
2015-07-27,27.53246307373047,27.72084279877277,27.38669510564022,27.60422637113421,177822000
2015-07-28,27.669265747070312,27.788125274515522,27.48313079290029,27.669265747070312,134472400
2015-07-29,27.581804275512695,27.696177633882726,27.420336407454347,27.617686784402196,148046800
2015-07-30,27.44276237487793,27.48761379763778,27.29474960002063,27.431548663701914,134513200
2015-07-31,27.20280647277832,27.50331480036935,27.115344991704973,27.494344172698714,171540000
2015-08-03,26.561416625976562,27.48761196075328,26.355095646541358,27.24765327198211,279904000
2015-08-04,25.709226608276367,26.3954632715135,25.3975046134744,26.332670597880302,496554400
2015-08-05,25.879663467407227,26.33715511791826,25.139603092262803,25.330224185566085,397250400
2015-08-06,25.935991287231445,26.244619621692557,25.70846406275155,26.125223773086482,211612000
2015-08-07,26.023847579956055,26.18829959385625,25.79406712685196,25.81208959497856,154681600
2015-08-10,26.970001220703125,27.03082489025574,26.251371343810888,26.251371343810888,219806400
2015-08-11,25.566532135009766,26.62307544621346,25.53048892601448,26.53972283991694,388331200
2015-08-12,25.960765838623047,26.00131552501816,24.696969284478392,25.350269023636592,404870000
2015-08-13,25.940488815307617,26.22208334930202,25.80307054522102,26.1409839860143,194143200
2015-08-14,26.122961044311523,26.201807168640773,25.683674266822425,25.7535091599831,171718000
2015-08-17,26.393295288085938,26.503679872455688,26.019336893890987,26.140985947952593,163538800
2015-08-18,26.244611740112305,26.456371389120584,26.134227159098433,26.22884251425318,138242800
2015-08-19,25.90895652770996,26.24912156821098,25.834615140560583,26.154506194775614,193146000
2015-08-20,25.37729835510254,25.760266212838385,25.147516265487795,25.699442553067744,274006400
2015-08-21,23.82515525817871,25.20834772970555,23.800374797066915,24.87719222095423,513102000
2015-08-24,23.230422973632812,24.509988587142946,20.725357415150548,21.371899074991592,648825200
2015-08-25,23.370098114013672,25.030380462528402,23.316032433090744,25.030380462528402,414406400
2015-08-26,24.71048355102539,24.75553798798225,23.665204801433582,24.124765558286647,387098400
2015-08-27,25.438119888305664,25.51020801027836,24.78482031615012,25.2826808957899,338464400
2015-08-28,25.521482467651367,25.52598722509957,25.12725002032628,25.269173082625166,212657600
2015-08-31,25.402084350585938,25.800821519578776,25.230874364727406,25.237632359651823,224917200
2015-09-01,24.26669692993164,25.203842880652324,24.185597546279638,24.814116910224108,307383600
2015-09-02,25.30746841430664,25.30746841430664,24.584333706380317,24.83213832297061,247555200
2015-09-03,24.863676071166992,25.40658953677416,24.78933468830887,25.34125938687311,212935600
2015-09-04,24.615869522094727,24.88169485787396,24.444661265551147,24.548287858317043,199985200
2015-09-08,25.300704956054688,25.357023862443352,24.852406942441565,25.174551155733397,219374400
2015-09-09,24.81411361694336,25.685929297421087,24.728507768495984,25.627358864892383,340043200
2015-09-10,25.359283447265625,25.51922897519716,24.757797788977243,24.84114869131622,251571200
2015-09-11,25.72873306274414,25.72873306274414,25.176808380219292,25.183566375061464,199662000
2015-09-14,25.976537704467773,26.33247368579207,25.875164337540344,26.262638776073928,233453600
2015-09-15,26.195051193237305,26.251370103342722,25.776038364555657,26.116205062833068,173364800
2015-09-16,26.22433853149414,26.25362374646323,26.005820881915533,26.188293603485942,148694000
2015-09-17,25.66339874267578,26.242357029165714,25.618344305241134,26.055379566966984,256450400
2015-09-18,25.55751609802246,25.749001732737188,25.2015819567273,25.278174835640044,297141200
2015-09-21,25.954008102416992,25.99005303233456,25.604831867104032,25.607083386186236,200888000
2015-09-22,25.546255111694336,25.721969816585066,25.348011470306602,25.541748636908316,201384800
2015-09-23,25.753509521484375,25.84362011571837,25.523729138968488,25.59806878939865,143026800
2015-09-24,25.90669822692871,26.019336045306662,25.314223920998707,25.512465862605882,200878000
2015-09-25,25.841373443603516,26.287420053092465,25.685932672025732,26.23110113222713,224607600
2015-09-28,25.329994201660156,25.80983070919443,25.329994201660156,25.64763196898093,208436000
2015-09-29,24.568561553955078,25.57103921605397,24.298231464578294,25.417851707082647,293461600
2015-09-30,24.8479061126709,25.12724745125998,24.494223393409246,24.818619176742185,265892000
2015-10-01,24.685705184936523,24.69471641683409,24.1743285167292,24.570814126638464,255716400
2015-10-02,24.865922927856445,25.00784767192237,24.228394213815974,24.33202079531625,232079200
2015-10-05,24.956035614013672,25.088949137955048,24.570814468299,24.75328719029101,208258800
2015-10-06,25.0754337310791,25.172302335816095,24.728509000595842,24.92224621006983,192787200
2015-10-07,24.956035614013672,25.17905802075021,24.647409081135017,25.172300026412252,187062400
2015-10-08,24.667678833007812,24.8231195509859,24.377073095304482,24.8231195509859,247918400
2015-10-09,25.257905960083008,25.293949169584454,24.665429913192597,24.78032097349221,211064400
2015-10-12,25.140764236450195,25.399831598717086,25.104721023258,25.395326841586918,121868800
2015-10-13,25.183561325073242,25.332242337937164,24.933505253754483,24.965043702504907,132197200
2015-10-14,24.82762908935547,25.122739639785635,24.68119957364821,25.070927202956746,177849600
2015-10-15,25.1993350982666,25.25340077463883,24.890706829821273,24.989828668767743,150694000
2015-10-16,25.014606475830078,25.230870877102095,24.89971542184546,25.181309962884544,156930400
2015-10-19,25.170047760009766,25.174552516529044,24.805100608146226,24.96054134817052,119036800
2015-10-20,25.629608154296875,25.719718751746928,24.965045720696533,25.082188294279916,195871200
2015-10-21,25.627357482910156,26.037359082085523,25.613839775679775,25.681423155681426,167180800
2015-10-22,26.019338607788086,26.019338607788086,25.703952341526065,25.755766499318128,166616400
2015-10-23,26.825820922851562,26.859612609192745,26.206312975224012,26.289663853653483,237467600
2015-10-26,25.969772338867188,26.61180749086908,25.888672980854682,26.600544741471886,265335200
2015-10-27,25.805320739746094,26.253618703760807,25.67916523466566,25.996804656538995,279537600
2015-10-28,26.86862564086914,26.875385353996066,26.145491020799188,26.341481452277073,342205600
2015-10-29,27.152469635009766,27.188514558438914,26.643346263230594,26.74021484655075,204909200
2015-10-30,26.920440673828125,27.307915074002604,26.909176203632672,27.256100917307105,197461200
2015-11-02,27.29890251159668,27.33945219612116,26.945219820523008,27.213298385919117,128813200
2015-11-03,27.612030029296875,27.81928316734913,27.190764041518047,27.21103973910817,182076000
2015-11-04,27.483631134033203,27.893632775644694,27.398027000058736,27.738192016782467,179544400
2015-11-05,27.356931686401367,27.757377325663608,27.189514622939775,27.567334888537374,158210800
2015-11-06,27.388607025146484,27.55828698287916,27.28906262367349,27.39991971275818,132169200
2015-11-09,27.277748107910156,27.558285135925956,27.160104104572454,27.36598154193185,135485600
2015-11-10,26.41803550720215,26.71214810263013,26.25740536621641,26.447447802389142,236511600
2015-11-11,26.268714904785156,26.565088621190046,26.065098649743323,26.327537762035785,180872000
2015-11-12,26.180484771728516,26.429348347574205,26.16464804579489,26.302654540105202,130102400
2015-11-13,25.415800094604492,26.146556034615475,25.39996336406923,26.062846615458128,183249600
2015-11-16,25.832075119018555,25.845648962392257,25.112632076959997,25.198602628449553,152426800
2015-11-17,25.72121810913086,26.028904551001,25.63750871392068,25.999492255510937,110467600
2015-11-18,26.535682678222656,26.580929975637122,26.130712979890312,26.189535847388118,186698800
2015-11-19,26.87278175354004,27.092234787489435,26.415777800939658,26.61486834124818,173183200
2015-11-20,26.990421295166016,27.130688931257996,26.888612302504892,26.967795923858993,137148400
2015-11-23,26.639751434326172,27.087707249764325,26.54699223563609,26.983635364282005,129930000
2015-11-24,26.895408630371094,27.001741698840444,26.497227501987865,26.54473769141743,171212800
2015-11-25,26.70310401916504,26.97459302527802,26.678217483786163,26.97006725916875,85553200
2015-11-27,26.65332794189453,26.78907329267587,26.605817759550597,26.761923877304834,52185600
2015-11-30,26.76418113708496,27.01530756676668,26.639748500369347,26.694045593630037,156721200
2015-12-01,26.546998977661133,26.879572031360514,26.43840475160058,26.865998184621468,139409600
2015-12-02,26.307180404663086,26.721199916323,26.261933106305477,26.54699419289124,133546400
2015-12-03,26.06283950805664,26.42256189793782,25.841125341024956,26.36826479749161,166278000
2015-12-04,26.92934226989746,26.97911533746755,26.042482037422513,26.083205299427686,231108000
2015-12-07,26.759660720825195,27.11712025222237,26.653327669301774,26.918029719759122,128336800
2015-12-08,26.74834632873535,26.832053993908925,26.438397018945828,26.587714467625513,137238000
2015-12-09,26.15786361694336,26.62618024398069,26.03569383692399,26.614867556061295,185445600
2015-12-10,26.282297134399414,26.456502879450248,26.132979650429846,26.252886559424468,116850800
2015-12-11,25.6058406829834,26.10583082535803,25.531181076265824,26.060583520357465,187544800
2015-12-14,25.447465896606445,25.492713188284313,24.838879984920002,25.379593233016113,257274800
2015-12-15,24.997251510620117,25.519866967144758,24.96557805580939,25.325300472693826,213292400
2015-12-16,25.189552307128906,25.336608602928948,24.6149044191711,25.128468287127408,224954000
2015-12-17,24.655630111694336,25.39543397675632,24.655630111694336,25.343398029625458,179091200
2015-12-18,23.988218307495117,24.777795140586075,23.938445249201237,24.639790378144315,385813200
2015-12-21,24.28233528137207,24.291385086886148,23.884152469122142,24.271022592960993,190362400
2015-12-22,24.259708404541016,24.370565486717243,24.08323980959433,24.298168778305914,131157600
2015-12-23,24.571922302246094,24.626219409585286,24.25292312872126,24.26875985694827,130629600
2015-12-24,24.44070053100586,24.66015354977659,24.422600921482264,24.66015354977659,54281600
2015-12-28,24.16695213317871,24.36378151711851,24.022158698811694,24.34115614056363,106816800
2015-12-29,24.601329803466797,24.757435909404915,24.175999351291413,24.198622999351244,123724800
2015-12-30,24.280071258544922,24.592281766790016,24.24839780376964,24.56513407759625,100855200
2015-12-31,23.81401252746582,24.21445639385491,23.714466418410996,24.209932355294903,163649200
2016-01-04,23.834375381469727,23.83890114650032,23.076471989765675,23.214478479947225,270597600
2016-01-05,23.237102508544922,23.947495735537558,23.169231566633837,23.924872088233865,223164000
2016-01-06,22.78236198425293,23.160184007754427,22.594584139961913,22.750688529742455,273829600
2016-01-07,21.820837020874023,22.653399897357048,21.816312982479797,22.325352742463547,324377600
2016-01-08,21.936227798461914,22.422644090582867,21.890980493830487,22.295950256755653,283192000
2016-01-11,22.29142189025879,22.41132878701104,22.0221957987083,22.39096802012428,198957600
2016-01-12,22.614944458007812,22.780100375599023,22.361555100877425,22.748426921716945,196616800
2016-01-13,22.03350257873535,22.893214844520696,22.013141817307925,22.69638552035541,249758400
2016-01-14,22.515396118164062,22.732587960687326,21.66020949524555,22.162462394692575,252680400
2016-01-15,21.97468376159668,22.105903335147378,21.574239845295597,21.764280557825284,319335600
2016-01-19,21.868350982666016,22.31856792960295,21.60591185310772,22.264270833377413,212350800
2016-01-20,21.89776611328125,22.2145024050671,21.135336820505717,21.51542002543395,289337600
2016-01-21,21.786909103393555,22.144366932724644,21.479222615965675,21.95885023231142,208646000
2016-01-22,22.945253372192383,22.954303176555086,22.255222618754832,22.31404375800186,263202000
2016-01-25,22.497299194335938,22.97013981957926,22.44526325095706,22.967876936978346,207178000
2016-01-26,22.62173080444336,22.823084210172762,22.187350539908493,22.60815696057469,300308000
2016-01-27,21.13533592224121,21.86156596174221,21.117236311805794,21.728085218447188,533478800
2016-01-28,21.286907196044922,21.38419040304683,20.902300131752604,21.219036274973224,222715200
2016-01-29,22.02219009399414,22.02219009399414,21.34573330527596,21.44527940935464,257666000
2016-02-01,21.816314697265625,21.879661596204325,21.583287864995317,21.825364500838802,163774000
2016-02-02,21.375152587890625,21.728086379877322,21.329903559383393,21.587816980615813,149428800
2016-02-03,21.798215866088867,21.90907294317787,21.284652009062455,21.49279232043426,183857200
2016-02-04,21.973365783691406,22.139417864836332,21.65263742893168,21.8050402764802,185886800
2016-02-05,21.386497497558594,22.04615371528405,21.311434527764984,21.955166351556468,185672400
2016-02-08,21.611696243286133,21.768647700515437,21.163584812663363,21.18405606278197,216085600
2016-02-09,21.60714340209961,21.82323862900009,21.36602833978265,21.447916801595916,177324800
2016-02-10,21.443363189697266,21.91649606640053,21.40469412628274,21.818684959538217,169374400
2016-02-11,21.31371307373047,21.545730993744066,21.061223903066278,21.334186059821096,200298800
2016-02-12,21.379674911499023,21.49568384994566,21.156757680456938,21.425169463556387,161405600
2016-02-16,21.982465744018555,22.030233725287705,21.520706856310273,21.613967657233903,196231600
2016-02-17,22.31911849975586,22.33958974795907,21.87100711106077,21.98928948337225,179452800
2016-02-18,21.896028518676758,22.49426759603916,21.85735771329363,22.482893523495918,156084000
2016-02-19,21.845979690551758,22.009756574086857,21.791387974519846,21.836880781973214,141496800
2016-02-22,22.03705596923828,22.04160629215677,21.81868732602287,21.90739953309664,137123200
2016-02-23,21.538909912109375,21.95062575697708,21.507064583525146,21.927879341622667,127770400
2016-02-24,21.859642028808594,21.923332696666215,21.22728220445002,21.37741169477773,145022800
2016-02-25,22.00975799560547,22.00975799560547,21.666281550198946,21.848256262644124,110330800
2016-02-26,22.043880462646484,22.296367839201608,21.968815756823258,22.109844523041843,115964400
2016-02-29,21.993839263916016,22.344139519859407,21.984740353125822,22.032508333194496,140865200
2016-03-01,22.8673095703125,22.92190128933838,22.159885442347466,22.212203735683552,201628400
2016-03-02,22.9173526763916,22.949197990407015,22.664863589955505,22.86276095742796,132678400
2016-03-03,23.08795928955078,23.135727272931547,22.84911763720705,22.878689533185554,147822800
2016-03-04,23.431434631347656,23.599760145498422,23.058387959208215,23.28585552687567,184220400
2016-03-07,23.172121047973633,23.39048969813145,22.965124734594173,23.290403416019203,143315600
2016-03-08,22.98104476928711,23.147096833328693,22.837740847083232,22.924177885571982,126247600
2016-03-09,23.00152587890625,23.106160773668737,22.80817701759104,23.044743545704556,108806800
2016-03-10,23.01289176940918,23.25628198010357,22.780875630465992,23.067485231287325,134054400
2016-03-11,23.260835647583008,23.2653842356737,23.087959797657657,23.25628532405237,109632800
2016-03-14,23.319971084594727,23.408685020457757,23.151645593462998,23.1812174838972,100304400
2016-03-15,23.78856086730957,23.92504107358247,23.622508763793558,23.647530337411585,160270800
2016-03-16,24.104738235473633,24.18207637486654,23.790831883858232,23.795382207022403,153214000
2016-03-17,24.06606674194336,24.21846957923751,23.874993103407714,24.002374372138394,137682800
2016-03-18,24.093368530273438,24.225300158912106,23.92731814891797,24.1889045087607,176820800
2016-03-21,24.091087341308594,24.48688036425567,23.91593636841071,24.095635928391857,142010800
2016-03-22,24.27533721923828,24.404993653350434,23.93186073273639,23.94095964299124,129777600
2016-03-23,24.141128540039062,24.354948575403363,24.088811979538995,24.220743564569716,102814000
2016-03-24,24.036497116088867,24.168428719959845,23.859072693509177,23.991004297380154,104532000
2016-03-28,23.92731285095215,24.15478040771241,23.897740957891887,24.111561016587242,77645600
2016-03-29,24.49370574951172,24.518727318740748,23.856795918037708,23.85907107945117,124760400
2016-03-30,24.92134666442871,25.116968915430764,24.70297800328592,24.714352076076217,182404400
2016-03-31,24.79168701171875,24.99868330874348,24.76666544316764,24.9577390816089,103553600
2016-04-01,25.019153594970703,25.021428756235256,24.611986500593765,24.743918086904863,103496000
2016-04-04,25.276199340820312,25.519589593812594,25.082850500086632,25.11697098583022,149424800
2016-04-05,24.978208541870117,25.187479985286735,24.889496345326787,24.909969325150364,106314800
2016-04-06,25.239803314208984,25.244353637807794,24.83945987407227,25.0737529470918,105616400
2016-04-07,24.689332962036133,25.116971415747532,24.593796988670825,25.010061368459674,127207600
2016-04-08,24.71662139892578,24.96910874791477,24.605161065318658,24.773488278563907,94326800
2016-04-11,24.798521041870117,25.16019548741676,24.755303370905178,24.78714870127528,117630000
2016-04-12,25.121517181396484,25.135164679275295,24.71662521355453,24.871301484020258,108929200
2016-04-13,25.485464096069336,25.55370331869652,25.203404824576406,25.203404824576406,133029200
2016-04-14,25.49911880493164,25.565084620268184,25.32396950833748,25.389935323674024,101895600
2016-04-15,24.987314224243164,25.544610856765786,24.960019224332488,25.501391459653917,187756000
2016-04-18,24.44821548461914,24.78259135881754,24.325382787072034,24.76894385979226,243286000
2016-04-19,24.318561553955078,24.56650040091607,24.163883519050227,24.539203664601082,129539600
2016-04-20,24.368602752685547,24.586971434961505,24.1252124962013,24.257144117401364,122444000
2016-04-21,24.104738235473633,24.32310689047924,24.002376789557385,24.32310689047924,126210000
2016-04-22,24.038774490356445,24.22074925282114,23.797659405214688,23.88637162467024,134732400
2016-04-25,23.902292251586914,24.031948694788245,23.772635808385584,23.88409442980151,112126400
2016-04-26,23.736234664916992,23.95232984380789,23.63615013916737,23.63615013916737,224064800
2016-04-27,22.250877380371094,22.453323376583054,21.76409692482325,21.836886476995645,458408400
2016-04-28,21.57074737548828,22.26452233575248,21.438815784921715,22.203106863145077,328970800
2016-04-29,21.32280731201172,21.545726271060428,21.043023201806935,21.379674198607447,274126000
2016-05-02,21.30005645751953,21.40014271237309,21.017997244815025,21.3751211486597,192640400
2016-05-03,21.650358200073242,21.777739453444198,21.30915692673868,21.42743927123465,227325200
2016-05-04,21.425172805786133,21.814142175495554,21.34100917293065,21.65491382161545,164102000
2016-05-05,21.33820343017578,21.528151395901176,21.210046608002383,21.5121317931295,143562000
2016-05-06,21.219202041625977,21.386263372819275,21.02009975718412,21.3679565015419,174799600
2016-05-09,21.23522186279297,21.45949631578954,21.189450319116013,21.283280674149378,131745600
2016-05-10,21.37940216064453,21.413730388104735,21.079605915904843,21.358806271772114,134747200
2016-05-11,21.171144485473633,21.41372756783256,21.15970116249197,21.393131681672703,114876400
2016-05-12,20.674535751342773,21.232936457045028,20.47543517703555,21.219205864611745,305258800
2016-05-13,20.715730667114258,20.978911431148262,20.596728117345688,20.596728117345688,177571200
2016-05-16,21.48466682434082,21.6013820597177,20.974326851742067,21.14367717150077,245039200
2016-05-17,21.395410537719727,21.67232173414826,21.28556236270945,21.63799527071084,187667600
2016-05-18,21.640287399291992,21.789041842959165,21.486956674806812,21.548747814886642,168249600
2016-05-19,21.557903289794922,21.658598941455306,21.413726853467825,21.658598941455306,121768400
2016-05-20,21.791332244873047,21.839391053549768,21.631134469944882,21.658597394619765,128104000
2016-05-23,22.068246841430664,22.24217523186175,21.894318450999574,21.94008999901093,152074400
2016-05-24,22.40465545654297,22.44813623524886,22.16207066952693,22.24903571895001,140560800
2016-05-25,22.798282623291016,22.825743800962478,22.45271492087759,22.580871739359623,152675200
2016-05-26,22.979082107543945,23.052314843263183,22.574012174029622,22.812019001618676,225324800
2016-05-27,22.96534538269043,22.992808308091853,22.71360801086438,22.75709053958185,145364800
2016-05-31,22.853206634521484,22.97678717157285,22.615199868275038,22.793704506458447,169228800
2016-06-01,22.53281593322754,22.779977041220498,22.503065738119584,22.660972768776805,116693200
2016-06-02,22.363466262817383,22.390927444984836,22.114016133425096,22.33600333464394,160766400
2016-06-03,22.409238815307617,22.489336849807582,22.301677849262145,22.37948861563797,114019600
2016-06-06,22.571720123291016,23.31777971843893,22.324560764743985,22.425254671557255,93170000
2016-06-07,22.66325569152832,22.855492639192118,22.647236091390127,22.713603505107066,89638000
2016-06-08,22.64266586303711,22.78455328904061,22.583163726903358,22.66097273522709,83392400
2016-06-09,22.80515480041504,22.882963821974926,22.53281973294298,22.54197404359818,106405600
2016-06-10,22.61749267578125,22.73649520586407,22.537394651109544,22.54883622834494,126851600
2016-06-13,22.276500701904297,22.68385960373706,22.221576592783116,22.585452962475056,152082000
2016-06-14,22.30396270751953,22.537393217145958,22.141477654664918,22.271923499689375,127727600
2016-06-15,22.230730056762695,22.52137368790753,22.20555614395469,22.386349815027693,117780800
2016-06-16,22.324562072753906,22.37033187435017,21.9858596045211,22.07282292595641,125307200
2016-06-17,21.816509246826172,22.11859447702449,21.809643951186256,22.111729181384575,244032800
2016-06-20,21.763872146606445,22.100285597038248,21.747852541633787,21.969839743402037,137647600
2016-06-21,21.949243545532227,22.049937455644454,21.667754209568166,21.72725634691128,142185600
2016-06-22,21.866857528686523,22.173519046988556,21.82108598012992,22.02705358361952,116876400
2016-06-23,21.992733001708984,22.03621555144748,21.798208654258143,21.956117496144977,128960800
2016-06-24,21.374820709228516,21.66317530575075,21.20318135944243,21.262683489583218,301245600
2016-06-27,21.063581466674805,21.29472294936048,20.94000092383313,21.283279627502523,181958400
2016-06-28,21.418304443359375,21.43432579438036,21.086469019760585,21.26039740707047,161779600
2016-06-29,21.603673934936523,21.63800215530146,21.42745655186589,21.505267301093472,146124000
2016-06-30,21.878297805786133,21.917202310242068,21.580790614880456,21.612829823962514,143345600
2016-07-01,21.944658279418945,22.077393101245487,21.816501483727325,21.85311696277976,104106000
2016-07-05,21.738698959350586,21.832529324476077,21.617407411071138,21.830240310544564,110820800
2016-07-06,21.862276077270508,21.89202801567476,21.596808121237764,21.649443211327824,123796400
2016-07-07,21.95610809326172,22.08426492686151,21.882875367489564,21.90118223942817,100558400
2016-07-08,22.125455856323242,22.17351466330195,21.981279435387112,22.081973330292442,115648400
2016-07-11,22.194110870361328,22.347441589373396,22.13689775914737,22.141474039802027,95179600
2016-07-12,22.294811248779297,22.358889672631108,22.226156542940682,22.237598120910736,96670000
2016-07-13,22.1689453125,22.352026289745535,22.162078269922905,22.292525888794017,103568800
2016-07-14,22.608339309692383,22.654109112555616,22.27192584602883,22.287945451631565,155676000
2016-07-15,22.606050491333008,22.725054773416726,22.541972068367656,22.638089702815684,120548000
2016-07-18,22.846342086791992,22.914996778949387,22.564852785529997,22.587737682915794,145975600
2016-07-19,22.85550308227539,22.88525328298101,22.73420977323033,22.78455760981389,95119600
2016-07-20,22.8760929107666,22.990519146862475,22.82574508752349,22.885247219174968,105104000
2016-07-21,22.754810333251953,23.11410878612673,22.686153866177694,22.846351707348802,130808000
2016-07-22,22.57859230041504,22.725057785464845,22.498492515085605,22.71590347439844,113254800
2016-07-25,22.276500701904297,22.619779439422075,22.180383074440744,22.484757307414604,161531600
2016-07-26,22.1231689453125,22.42067786936562,22.065955824995044,22.157497166704147,224959200
2016-07-27,23.560361862182617,23.88075567991044,23.514592065081146,23.862447062667513,369379200
2016-07-28,23.878469467163086,23.903643382323512,23.53061442877383,23.532903442699155,159479200
2016-07-29,23.848722457885742,23.926533227692875,23.727430893721888,23.84414617542945,110934800
2016-08-01,24.26980209350586,24.292686988430255,23.894484229527936,23.894484229527936,152671600
2016-08-02,23.910507202148438,24.27438179697061,23.800657246613817,24.269805515742664,135266400
2016-08-03,24.210304260253906,24.221745836740908,23.976873751043904,23.98602805983703,120810400
2016-08-04,24.359861373901367,24.389772727354618,24.224106065690776,24.293134426538757,109634800
2016-08-05,24.730314254760742,24.769429513501382,24.431193646294137,24.45190110487526,162213600
2016-08-08,24.935096740722656,24.935096740722656,24.656685340308965,24.739516931880807,112148800
2016-08-09,25.036333084106445,25.06624619523303,24.85226036735758,24.902880934989405,105260800
2016-08-10,24.84996223449707,25.057045604210778,24.79474058772825,25.01332751630886,96034000
2016-08-11,24.833852767944336,25.063944982321487,24.815444969482737,24.969606331804002,109938000
2016-08-12,24.891372680664062,24.951197140383275,24.7993354554339,24.7993354554339,74641600
2016-08-15,25.19049644470215,25.20430141583938,24.868366992940523,24.882171964077756,103472800
2016-08-16,25.16748809814453,25.363067902777512,25.12837283940371,25.22501115704495,135177600
2016-08-17,25.130672454833984,25.165186638797145,24.928190178497736,25.10306075657059,101424000
2016-08-18,25.098461151123047,25.21810833966023,25.08465442345245,25.13297533710291,87938800
2016-08-19,25.16288948059082,25.238820347058244,24.9327972225426,25.02713413550077,101472400
2016-08-22,24.967304229736328,25.103057780308117,24.815442540489133,25.04783614579282,103280800
2016-08-23,25.045543670654297,25.15368732029504,24.971914213202155,24.9857191878917,85030800
2016-08-24,24.85686492919922,25.022531626358397,24.776332994598093,24.9811149520686,94700400
2016-08-25,24.751014709472656,24.82234272057633,24.546232818172996,24.709598048565763,100344800
2016-08-26,24.60606575012207,24.838457658436116,24.461106509281617,24.714209388379373,111065200
2016-08-29,24.578449249267578,24.721107048226656,24.456500661584204,24.532431510488113,99881200
2016-08-30,24.3897762298584,24.50482234415018,24.274730115566612,24.343758486327438,99455600
2016-08-31,24.41278076171875,24.520924370802444,24.306938566041797,24.311541392855275,118649600
2016-09-01,24.557743072509766,24.573849457467876,24.30234057141379,24.421987751750574,106806000
2016-09-02,24.78783416748047,24.84995829080322,24.578449417036985,24.780929926698633,107210000
2016-09-06,24.780935287475586,24.918992045550116,24.737218952518948,24.82695479198863,107521600
2016-09-07,24.93279266357422,25.024829901057394,24.63597349430973,24.810844069981336,169457200
2016-09-08,24.279325485229492,24.681986790677357,24.21489995723207,24.677385719590674,212008000
2016-09-09,23.729413986206055,24.325353848539258,23.729413986206055,24.076853788057505,186228000
2016-09-12,24.260929107666016,24.325354661321796,23.59135977046198,23.61897147437075,181171200
2016-09-13,24.838455200195312,25.031733583699133,24.67508992969596,24.737215814040336,248704800
2016-09-14,25.717409133911133,26.00732585056383,24.98801714757279,25.017930262550976,443554800
2016-09-15,26.591764450073242,26.62858005710964,26.113172091388616,26.19830686606172,359934400
2016-09-16,26.442197799682617,26.72060917837081,26.239717275763297,26.48821729748088,319547600
2016-09-19,26.133878707885742,26.73211821896128,26.057947842529785,26.504327378357992,188092000
2016-09-20,26.131572723388672,26.258124143514724,25.88767553783405,26.01192554428573,138057200
2016-09-21,26.126970291137695,26.22820966650297,25.871567805973687,26.195996898596174,144012800
2016-09-22,26.373172760009766,26.446802205416503,26.230514941518518,26.311046873140814,124296000
2016-09-23,25.933698654174805,26.41229098071964,25.66679254294399,26.32715621176375,209924800
2016-09-26,25.972816467285156,26.09016402402277,25.666795062760123,25.687502525761857,119477600
2016-09-27,26.02113151550293,26.041840730689803,25.848562329291997,26.0004240557806,98429600
2016-09-28,26.219013214111328,26.37777744064498,26.09936600725757,26.159190488416794,118564400
2016-09-29,25.811752319335938,26.184502448928242,25.724317883959134,26.037243528575313,143548000
2016-09-30,26.011932373046875,26.08556183077765,25.724317029494674,25.87617701804857,145516400
2016-10-03,25.889976501464844,26.011926855855403,25.83475485874559,25.933694586160787,86807200
2016-10-04,26.00042152404785,26.301841778197506,25.915286768506363,26.014226495851847,118947200
2016-10-05,26.011932373046875,26.15228880113753,25.92909901366666,26.092464318148544,85812400
2016-10-06,26.205202102661133,26.308742896738433,26.030331528553607,26.161484020268183,115117200
2016-10-07,26.244321823120117,26.35936794965382,26.117772137211787,26.301844886386966,97433600
2016-10-10,26.70220375061035,26.863267607958395,26.396180666184684,26.465207281277678,144944000
2016-10-11,26.759721755981445,27.30964193642628,26.736711133163258,27.081849409867417,256164000
2016-10-12,26.999021530151367,27.146282172948993,26.86326795654847,27.001322943990314,150347200
2016-10-13,26.91619110107422,27.022033321186033,26.626274386137393,26.87247301357377,140769600
2016-10-14,27.065746307373047,27.189996312700558,26.950700201195456,27.123269360461844,142608800
2016-10-17,27.04734230041504,27.114067502211952,26.870170300505663,26.99672172901236,94499600
2016-10-18,27.0289363861084,27.199204156414318,27.024333558133783,27.192301669916915,98214000
2016-10-19,26.948406219482422,27.09566512597156,26.18449998377076,26.978317581422058,80138400
2016-10-20,26.93459701538086,27.008226461860396,26.76663066347339,26.888579269630327,96503200
2016-10-21,26.828752517700195,26.900082299660582,26.75512307747268,26.87707167327472,92770800
2016-10-24,27.07035255432129,27.09106001342626,26.92079224630448,26.943801119353722,94154800
2016-10-25,27.208406448364258,27.233716734334774,26.99211918842146,27.139378076542048,192516000
2016-10-26,26.59636116027832,26.621671447097683,26.071751134321467,26.3018433741597,264536800
2016-10-27,26.34095573425293,26.658482337150883,26.253519575068385,26.550338722663156,138248000
2016-10-28,26.166088104248047,26.50892502792051,26.103962220446615,26.200602289086138,151446800
2016-10-31,26.12467384338379,26.283438055005455,26.046441566836695,26.14998413090216,105677600
2016-11-01,25.652986526489258,26.177596617855325,25.432098159359583,26.10626857636081,175303200
2016-11-02,25.675992965698242,25.850863564713965,25.593161371916615,25.63227663254271,113326800
2016-11-03,25.40077781677246,25.777753118472877,25.336021496429066,25.666742787734883,107730400
2016-11-04,25.171810150146484,25.49790667429045,25.002981461407963,25.10011592050221,123348000
2016-11-07,25.53491973876953,25.558046746522344,25.31520875392385,25.458599025155426,130240000
2016-11-08,25.685245513916016,25.83788693723695,25.37071327599186,25.511790313493616,97016800
2016-11-09,25.64361572265625,25.745376669661546,24.989112786126988,25.41234212635513,236705600
2016-11-10,24.92897605895996,25.692177711989366,24.475680114647897,25.692177711989366,228538000
2016-11-11,25.076997756958008,25.178758710616087,24.642204002698477,24.77402989062934,136575600
2016-11-14,24.447933197021484,24.933607427026285,24.070957846458413,24.91048041883132,204702000
2016-11-15,24.771703720092773,24.903529539159795,24.551994609806638,24.646815823427694,129058000
2016-11-16,25.43778419494629,25.493291132479563,24.653766788184598,24.67689379658464,235362000
2016-11-17,25.428525924682617,25.52103569687945,25.169500679904058,25.396147769085296,110528000
2016-11-18,25.453969955444336,25.564982051545787,25.361461933916768,25.375337784250423,113715600
2016-11-21,25.840200424194336,25.900330290514734,25.44240954495447,25.467849782427546,117058400
2016-11-22,25.856386184692383,25.999774670783946,25.7638764025343,25.891075809083997,103862000
2016-11-23,25.724559783935547,25.78931610075717,25.51641321952513,25.754624712609214,109705600
2016-11-25,25.85407257080078,25.87257487985298,25.659801854707293,25.70143116783609,45903600
2016-11-28,25.803194046020508,26.011340627337074,25.761564729757193,25.770815884979868,108776000
2016-11-29,25.777755737304688,25.90958162124697,25.456285568314243,25.620489615717613,114115200
2016-11-30,25.560352325439453,25.94889196542715,25.5025339371346,25.81012818639094,144649200
2016-12-01,25.3221435546875,25.657491301388124,25.215757920572006,25.525665432540947,148347600
2016-12-02,25.41696548461914,25.460906262709315,25.174127532346787,25.248135003552513,106112000
2016-12-05,25.234254837036133,25.447026059792137,25.035359461358176,25.440088136253113,137298000
2016-12-06,25.428525924682617,25.523348926415586,25.252759298433492,25.324453533759396,104782000
2016-12-07,25.678302764892578,25.715307380981095,25.24582234234064,25.268949345157356,119994800
2016-12-08,25.930395126342773,26.002089373449653,25.578858287124824,25.638989913605318,108273200
2016-12-09,26.35362434387207,26.52707953287819,25.97433580507022,25.97433580507022,137610400
2016-12-12,26.20329475402832,26.596459095739675,26.015961972726867,26.200981524401158,105497600
2016-12-13,26.640405654907227,26.80923438913598,26.307371117446973,26.3281848937995,174935200
2016-12-14,26.640405654907227,26.873990712647146,26.59183841227385,26.60571426317554,136127200
2016-12-15,26.786104202270508,26.996563993169634,26.649653645999244,26.684343269134466,186098000
2016-12-16,26.82080078125,26.943375511992432,26.746793296774705,26.9364375860225,177404400
2016-12-19,26.975753784179688,27.146895761874497,26.769920412018703,26.781484798333302,111117600
2016-12-20,27.047441482543945,27.17464264326072,26.984998399223013,26.998874247854953,85700000
2016-12-21,27.0728816986084,27.151515624589486,27.008125385728206,27.0127518449209,95132800
2016-12-22,26.894805908203125,26.945686380159405,26.744477722280696,26.908681758926672,104343600
2016-12-23,26.947999954223633,26.947999954223633,26.732915428791696,26.732915428791696,56998000
2016-12-27,27.119138717651367,27.24402665445041,26.941057084548614,26.947995009180126,73187600
2016-12-28,27.003498077392578,27.29490145714904,26.873983699690463,27.17926469120463,83623600
2016-12-29,26.996570587158203,27.084453928028637,26.920249868664623,26.931812491041477,60158000
2016-12-30,26.786104202270508,27.10526108645545,26.69590765316439,26.978061684512667,122345200
2017-01-03,26.8624267578125,26.904056072927844,26.540956621718564,26.781481357443056,115127600
2017-01-04,26.83235740661621,26.9456827203915,26.769914322363828,26.793041325254443,84472400
2017-01-05,26.968812942504883,27.02663133887172,26.78379336834004,26.809233603899642,88774400
2017-01-06,27.26946258544922,27.327280967559517,26.936428139861274,27.008122369045402,127007600
2017-01-09,27.519235610961914,27.620996524247417,27.27639947399914,27.27871093877241,134247600
2017-01-10,27.5469913482666,27.609434427374143,27.35966034646691,27.468357427544696,97848400
2017-01-11,27.695011138916016,27.73664045379578,27.429046169655166,27.461424329619717,110354400
2017-01-12,27.57937240600586,27.59093678995442,27.338847688589375,27.49842701179773,108344800
2017-01-13,27.530813217163086,27.66495234647736,27.477619505718536,27.54700230073703,104447600
2017-01-17,27.752826690673828,27.808331850001558,27.341160043745184,27.36891174117045,137759200
2017-01-18,27.750516891479492,27.86846691354902,27.685760570179337,27.75283012137662,94852000
2017-01-19,27.701946258544922,27.77364049628045,27.607125018102177,27.61406294246662,102389200
2017-01-20,27.752826690673828,27.856899084972973,27.69038360698978,27.856899084972973,130391600
2017-01-23,27.77132797241211,27.940156673767977,27.699631972932657,27.752825665160824,88200800
2017-01-24,27.74588966369629,27.77595459170511,27.637190806659174,27.648755190611862,92844000
2017-01-25,28.18762969970703,28.23851018118398,27.8175922405262,27.84997040792466,129510400
2017-01-26,28.201499938964844,28.317136724983918,28.122866006943664,28.13905508640724,105350400
2017-01-27,28.203811645507812,28.296321428009836,28.122866247497544,28.247754189203675,82251600
2017-01-30,28.129796981811523,28.129796981811523,27.905463154521215,27.9679062271738,121510000
2017-01-31,28.065046310424805,28.07429746461393,27.896217598785675,28.018792303956417,196804000
2017-02-01,29.77647590637207,30.178893239530556,29.37406033769112,29.37868503330646,447940000
2017-02-02,29.725589752197266,29.924485150724784,29.55213458588679,29.598390355589235,134841600
2017-02-03,29.85279083251953,29.87823106466775,29.6400195858955,29.674709207481992,98029200
2017-02-06,30.13263511657715,30.181204124229904,29.81116496093321,29.864360428589794,107383600
2017-02-07,30.419410705566406,30.54892333300558,30.169634840238963,30.19044861344431,152735200
2017-02-08,30.53736114501953,30.57899222337797,30.347718649477944,30.377785343350446,92016400
2017-02-09,30.758024215698242,30.76499222047708,30.456064346348043,30.579170489780438,113399600
2017-02-10,30.688335418701172,30.878803635030547,30.67207792505951,30.7673120332242,80262000
2017-02-13,30.96010971069336,31.083219423304136,30.83468205502666,30.91133366736676,92141600
2017-02-14,31.361942291259766,31.378199786796667,30.950812309837264,31.001913371675293,132904800
2017-02-15,31.475757598876953,31.652289840964713,31.26903185031743,31.478082630012704,142492400
2017-02-16,31.4385986328125,31.56634776244953,31.32013545145116,31.51292520582377,90338400
2017-02-17,31.524545669555664,31.550096209148332,31.38053547053647,31.38053547053647,88792800
2017-02-21,31.752153396606445,31.763767914566632,31.58491426188894,31.642983307436594,98028800
2017-02-22,31.847408294677734,31.84972978208559,31.615131960691098,31.68945854455392,83347600
2017-02-23,31.712682723999023,31.933344498537473,31.659260167780356,31.910118995260028,83152800
2017-02-24,31.742877960205078,31.742877960205078,31.422335552728544,31.568670746446934,87106400
2017-02-27,31.805587768554688,31.924050933902357,31.65460961161716,31.854367344448654,81029600
2017-02-28,31.81952476501465,31.924048368668988,31.752162667728886,31.840428776894655,93931600
2017-03-01,32.46990203857422,32.553521647368505,31.96121992468526,32.0285784914269,145658400
2017-03-02,32.27711486816406,32.583717728429235,32.230656774687745,32.51868065066829,104844000
2017-03-03,32.46757888793945,32.4791934110598,32.191169541247426,32.23530260255185,84432400
2017-03-06,32.365379333496094,32.465259987181724,32.19349713694032,32.372347339072405,87000000
2017-03-07,32.40719985961914,32.51404500412848,32.237635559094514,32.3003511708537,69785200
2017-03-08,32.28640365600586,32.472225393092835,32.24459562589508,32.27478913289014,74828800
2017-03-09,32.21207046508789,32.23762099579877,31.833462566332393,32.22601001804751,88623600
2017-03-10,32.31892013549805,32.37002119854825,32.20278200024841,32.34447066702315,78451200
2017-03-13,32.33285903930664,32.38628159391293,32.24459645870819,32.25156446390662,69686800
2017-03-14,32.28407287597656,32.43737248650964,32.249229316659275,32.356077936610276,61236400
2017-03-15,32.625526428222656,32.69288498701873,32.29336951926755,32.38163563598722,102767200
2017-03-16,32.6789436340332,32.755595215872894,32.57906301130123,32.68591163745008,76928000
2017-03-17,32.5163688659668,32.75096671330013,32.49313981229753,32.75096671330013,175540000
2017-03-20,32.85780334472656,32.86709283623294,32.57210097527615,32.61158751662396,86168000
2017-03-21,32.48151397705078,33.16905332177679,32.45596344461237,33.00878212232266,158119600
2017-03-22,32.848514556884766,32.89032613470719,32.46293504079582,32.483842601834596,103440800
2017-03-23,32.73237228393555,32.88567547622643,32.66036720568656,32.811345366901875,81385200
2017-03-24,32.66733932495117,32.922844677617626,32.59998075611463,32.867097088602634,89582400
2017-03-27,32.723087310791016,32.80206040466192,32.19814058790224,32.37699433693767,94300400
2017-03-28,33.401329040527344,33.45707307818211,32.66268864330955,32.7300507478153,133499200
2017-03-29,33.47566223144531,33.56160688026556,33.25964695426703,33.373460083176084,116760000
2017-03-30,33.4315299987793,33.56392920623337,33.33165287954663,33.49192411204135,84829200
2017-03-31,33.368804931640625,33.51049357744407,33.21782325161008,33.38274093872718,78646800
2017-04-03,33.37810516357422,33.47566078883018,33.227126979208975,33.3804301950063,79942800
2017-04-04,33.62663650512695,33.6545085232866,33.25499305647687,33.27357558333483,79565600
2017-04-05,33.452449798583984,33.78692839844466,33.40367019266398,33.49890437206313,110871600
2017-04-06,33.368804931640625,33.56856263647411,33.32002536258359,33.51513655030353,84596000
2017-04-07,33.294471740722656,33.489582910310546,33.27821424871721,33.385059322620876,66688800
2017-04-10,33.25499725341797,33.41991498493669,33.192281660389156,33.35487790485312,75733600
2017-04-11,32.89728927612305,33.29680474432891,32.53261383073849,33.201570622944516,121517600
2017-04-12,32.9367790222168,33.01807359812982,32.753278766153635,32.890324472515786,81400000
2017-04-13,32.76256561279297,33.071493449108395,32.76256561279297,32.96232332859639,71291600
2017-04-17,32.94374084472656,32.95535536603579,32.720754086053944,32.862442739816245,66328400
2017-04-18,32.79740905761719,32.992520276428316,32.77650504365628,32.846188634447294,58790000
2017-04-19,32.67662811279297,32.98323452937892,32.62320555629877,32.95536250760022,69313600
2017-04-20,33.08543014526367,33.196921754652344,32.788116824057646,32.80205283219943,93278400
2017-04-21,33.04594802856445,33.141178611692084,32.94839241426589,33.0854345716671,69283600
2017-04-24,33.364166259765625,33.436171342813466,33.2573176065542,33.33164772083257,68537200
2017-04-25,33.57088851928711,33.656829603744946,33.41758533275053,33.42687836819462,75486000
2017-04-26,33.37344741821289,33.58714467127322,33.30376738379543,33.5569476268563,80164800
2017-04-27,33.39900588989258,33.48495052654035,33.28751426405114,33.42920294149219,56985200
2017-04-28,33.36648178100586,33.517463469543536,33.2782192163998,33.468683897738,83441600
2017-05-01,34.04705810546875,34.191068267266395,33.670771659865956,33.70329019782849,134411600
2017-05-02,34.26306915283203,34.397789806253755,34.10744448704859,34.270037156952604,181408800
2017-05-03,34.1585578918457,34.258438560761945,33.51050846464334,33.817111389519575,182788000
2017-05-04,34.03545379638672,34.1771425137985,33.868214538318526,34.03313230878373,93487600
2017-05-05,34.59988021850586,34.60452319277788,34.0888695081697,34.0888695081697,109310800
2017-05-08,35.54060745239258,35.70087872088227,34.616148456948686,34.616148456948686,195009600
2017-05-09,35.76822280883789,35.974948539944435,35.64279164275939,35.74034724734574,156521600
2017-05-10,35.59867477416992,35.756624546936905,35.33155836949459,35.68461944015952,103222800
2017-05-11,35.906532287597656,35.934522911340885,35.524026979358844,35.55667974132249,109020400
2017-05-12,36.40799331665039,36.482626683236035,36.074465339143025,36.08146210604529,130108000
2017-05-15,36.314697265625,36.536269855572776,36.16309590378823,36.38699956308206,104038800
2017-05-16,36.261043548583984,36.39865133615572,36.08611730913004,36.3706642766858,80194000
2017-05-17,35.0435676574707,36.05114482184361,34.91762229136638,35.82490652962704,203070800
2017-05-18,35.57768249511719,35.764271296895714,35.24882369124252,35.28147646463736,134272800
2017-05-19,35.69895935058594,35.91353518855575,35.598669978453366,35.773596281471825,107843200
2017-05-22,35.915855407714844,36.053463190082915,35.66396120536059,35.918186476288035,91865600
2017-05-23,35.87155532836914,36.128111776121806,35.75726886016066,36.128111776121806,79675600
2017-05-24,35.764259338378906,35.95784484409236,35.60799229232004,35.880876855636345,76712000
2017-05-25,35.88787078857422,35.99982615869898,35.69195422918175,35.85521802867547,76942400
2017-05-26,35.82722473144531,35.97416390486337,35.7572535270137,35.91818622954142,87710400
2017-05-30,35.84123229980469,36.01848966943214,35.761933231199095,35.78292353308563,80507600
2017-05-31,35.62897872924805,35.95784094639881,35.540351845780464,35.91119465632896,97804800
2017-06-01,35.726951599121094,35.76193900012733,35.50304789177636,35.72462052927479,65616400
2017-06-02,36.25639343261719,36.25639343261719,35.65931218145565,35.820244960331294,111082800
2017-06-05,35.90186309814453,36.02314629887634,35.792245918481385,35.997490305623145,101326800
2017-06-06,36.023136138916016,36.340335802909024,35.86686915458691,35.8948562088301,106499600
2017-06-07,36.23772048950195,36.37999398059445,36.03014148369983,36.15609037555672,84278400
2017-06-08,36.14910125732422,36.277377686214315,36.01148987468374,36.20974108841562,85003200
2017-06-09,34.74735641479492,36.19574762712683,34.0569826664801,36.19574762712683,259530800
2017-06-12,33.91703796386719,34.07330500841383,33.23832316586471,33.991674882454085,289229200
2017-06-13,34.18991470336914,34.3904969275817,33.854055764326404,34.322860349608284,136661600
2017-06-14,33.85639953613281,34.4021686800433,33.54852757256219,34.4021686800433,126124800
2017-06-15,33.65348815917969,33.69780339384326,33.1683623241387,33.42725340553941,128661600
2017-06-16,33.182350158691406,33.7024633017393,33.166021997616426,33.534533788120235,201444400
2017-06-19,34.13161849975586,34.22491466092754,33.506550234886554,33.506550234886554,130165600
2017-06-20,33.8214111328125,34.25522844012242,33.80508653098776,34.25522844012242,99600400
2017-06-21,34.02199172973633,34.068641581530706,33.72811688140548,33.940361606864215,85063200
2017-06-22,33.96601104736328,34.21557062366228,33.84705893067949,33.99866380198792,76425200
2017-06-23,34.117610931396484,34.322858842663045,33.84472644512609,33.84939214098665,141757600
2017-06-26,34.01033401489258,34.584090199631795,33.907710031570986,34.325199172210205,102769600
2017-06-27,33.52286911010742,34.08963207085741,33.497213115030114,33.82140965707026,99047600
2017-06-28,34.01266860961914,34.07797414052324,33.38993143778645,33.70013448902317,88329600
2017-06-29,33.51119613647461,33.84938966338935,33.184668627798985,33.751431410786665,125997600
2017-06-30,33.59052276611328,33.8097643469462,33.534545056469085,33.690812158812975,92096400
2017-07-03,33.469234466552734,33.889058328432824,33.375941856750465,33.79110002047496,57111200
2017-07-05,33.60683822631836,33.77010205306818,33.2873073397591,33.51354562785689,86278400
2017-07-06,33.289634704589844,33.46922667347163,33.215001345902884,33.35727485599914,96515200
2017-07-07,33.62782669067383,33.76077237304979,33.32928612123947,33.32928612123947,76806800
2017-07-10,33.833072662353516,34.04065169534821,33.43890489479543,33.611500097071286,84362400
2017-07-11,33.94268798828125,34.01732489373739,33.67446917192577,33.75609928352445,79127200
2017-07-12,33.99168014526367,34.09430058588278,33.77710430943056,34.02199828411001,99538000
2017-07-13,34.46513366699219,34.633063135723724,33.92169574163644,33.935689270883515,100797600
2017-07-14,34.761348724365234,34.828988878801646,34.362518799758774,34.51178908269712,80528400
2017-07-17,34.882633209228516,35.195167319414196,34.65173278939606,34.71004155139567,95174000
2017-07-18,35.003902435302734,35.01556489481661,34.67504029497936,34.798654536283955,71475200
2017-07-19,35.2231559753418,35.31644856576998,34.97359277967588,35.09720706349112,83692000
2017-07-20,35.06455993652344,35.391091173270546,35.02957609921132,35.33511347468639,68974800
2017-07-21,35.04823303222656,35.08788256487344,34.72403644516372,34.98292750093941,105010400
2017-07-24,35.47271728515625,35.55435097479423,34.961931965093406,35.12053364696265,85972800
2017-07-25,35.624324798583984,35.88088123251551,35.40508326997466,35.40508326997466,75415600
2017-07-26,35.7922477722168,35.90186495755719,35.698951628789686,35.76659177763484,63124000
2017-07-27,35.11587142944336,35.91586956696635,34.355526385480466,35.85989186919156,129905200
2017-07-28,34.86863327026367,35.03889382753738,34.79633098808787,34.95959477991771,68854800
2017-07-31,34.68905258178711,35.06223013473823,34.54911366859412,34.9619371993426,79383600
2017-08-01,34.996910095214844,35.036559615467624,34.61440486343597,34.77533757197476,141474400
2017-08-02,36.65055847167969,37.25930214198869,36.42198910134957,37.149681375232625,279747200
2017-08-03,36.284385681152344,36.66689109716639,36.15610566626361,36.62957262758328,108389200
2017-08-04,36.475624084472656,36.71119016991615,36.31236028471559,36.400990729819675,82239600
2017-08-07,37.0400505065918,37.065706499450016,36.540927739163955,36.63188924859153,87481200
2017-08-08,37.33626174926758,37.74442302684037,36.91410694017085,36.99107492243637,144823600
2017-08-09,37.56482696533203,37.61380787919992,37.11001944605963,37.14500327104846,104526000
2017-08-10,36.36832809448242,37.46415285038332,36.206763363657544,37.44073632570782,163217200
2017-08-11,36.87408447265625,37.12931168108011,36.54393440344078,36.66803410047157,105028400
2017-08-14,37.42903137207031,37.513325858303155,37.17146389389772,37.304931652458066,88490800
2017-08-15,37.838783264160156,37.97927164706,37.49692141067204,37.61868086747232,117862000
2017-08-16,37.686588287353516,38.05186313565876,37.499266844595624,37.918398974713085,110686400
2017-08-17,36.96306610107422,37.630397683396566,36.95838208205472,37.58590843486046,111762400
2017-08-18,36.8787727355957,37.34707461160327,36.69613528978154,36.963067216191455,109712400
2017-08-21,36.81087112426758,36.97009204968353,36.319152717452766,36.87877332531618,105474000
2017-08-22,37.41263961791992,37.46415311428086,37.000535219892456,37.049704920053316,86418400
2017-08-23,37.4594612121582,37.574196443156616,37.20189735741264,37.246386601531604,77596400
2017-08-24,37.29322052001953,37.63742268124129,37.12463156052888,37.56483288999025,79275600
2017-08-25,37.431365966796875,37.595270895142015,37.29321778239593,37.382192701863595,101920400
2017-08-28,37.8083610534668,37.932460793691384,37.447766524132234,37.49693980462717,103864000
2017-08-29,38.14553451538086,38.19470421716438,37.46415435064211,37.48757087625533,118067600
2017-08-30,38.248565673828125,38.375005636462646,38.075292654870644,38.353932904833655,109078400
2017-08-31,38.40074920654297,38.5225086800375,38.278989733048434,38.31645473610204,107140400
2017-09-01,38.412471771240234,38.6208660156494,38.31412878124654,38.58808501898483,66364400
2017-09-05,37.9511833190918,38.459290410536546,37.59527290362859,38.34221494505546,117874000
2017-09-06,37.91136932373047,38.164252699441256,37.58589974786229,38.09869073975981,86606800
2017-09-07,37.759178161621094,37.9886486483731,37.54844375110811,37.95352386471447,87714000
2017-09-08,37.14336013793945,37.7334178609258,37.11994361770662,37.665515668825556,114446000
2017-09-11,37.81536865234375,37.94415235613406,37.438385577353394,37.58121776285555,126323200
2017-09-12,37.6655158996582,38.39138515701224,37.176141350383325,38.075279996228524,286856000
2017-09-13,37.3822021484375,37.45479195270348,36.974781734003365,37.43371564934349,179629600
2017-09-14,37.0614128112793,37.32366073713746,37.016923558244066,37.22766156111725,95042800
2017-09-15,37.43606185913086,37.691285583707355,36.9958568495049,37.10590810191139,196458400
2017-09-18,37.1527214050293,37.581217963827235,36.99584073697635,37.48989925935286,113077600
2017-09-19,37.166786193847656,37.410305227863354,37.09888397779865,37.34942368292912,83242400
2017-09-20,36.543941497802734,37.056729091361596,36.01944206898621,36.97243460410287,211805600
2017-09-21,35.916412353515625,36.480716973414104,35.766555895623476,36.480716973414104,150046800
2017-09-22,35.565185546875,35.65416404592203,35.25376437307014,35.48323129008329,186581600
2017-09-25,35.25143814086914,35.55115117224822,34.92596835337806,35.12031413624844,177549200
2017-09-26,35.85787582397461,36.04051327651707,35.518357665933365,35.53943039364368,146640000
2017-09-27,36.11308670043945,36.22782190985738,35.951522032863124,36.01240354404182,102016800
2017-09-28,35.890655517578125,36.124806455752754,35.75484754469367,36.033487732779044,88022000
2017-09-29,36.08734130859375,36.08968510459669,35.59094246489845,35.87426667105232,105199200
2017-10-02,36.0147590637207,36.16461553719432,35.759535371421286,36.1201262825465,74795200
2017-10-03,36.171634674072266,36.31446688431853,36.0381705018295,36.061583451118935,64921200
2017-10-04,35.93748092651367,36.02645941627269,35.698649569043745,35.97260570698351,80655200
2017-10-05,36.38470458984375,36.39641284825127,36.07094327253164,36.1013804569606,85135200
2017-10-06,36.36362838745117,36.40811762142564,36.19035546903969,36.286358176788966,69630400
2017-10-09,36.490081787109375,36.69847598168016,36.40813110147716,36.48305754470832,65051600
2017-10-10,36.50412368774414,36.99584200428656,36.316805827022435,36.54158868903215,62468000
2017-10-11,36.65633010864258,36.757013297147694,36.46900864341424,36.52052213567353,67622400
2017-10-12,36.52755355834961,36.848339263591555,36.46433179217461,36.60950783201574,64500400
2017-10-13,36.759361267089844,36.8272634748546,36.62355327870016,36.698479729583326,65576800
2017-10-16,37.43606185913086,37.46415883494167,36.91390257290922,36.97244032108882,96486000
2017-10-17,37.57419967651367,37.66785861850632,37.28385123976106,37.41263496464567,75989200
2017-10-18,37.40795135498047,37.6303975971512,37.3704899214893,37.56249182653288,65496800
2017-10-19,36.52285385131836,36.78042125261792,36.29807100369232,36.70315103222805,170336800
2017-10-20,36.586090087890625,36.93731655273437,36.51818787674606,36.67038458236754,95896400
2017-10-23,36.567359924316406,36.92327043189962,36.41047918870961,36.73594892407368,87937200
2017-10-24,36.78511428833008,36.86004073162018,36.574376297553286,36.59544902477302,71028800
2017-10-25,36.62355422973633,36.89048619374836,36.3566222657243,36.740629715230384,84828400
2017-10-26,36.857696533203125,36.956039489148395,36.710180312855506,36.81554751044976,68002000
2017-10-27,38.17830276489258,38.30708646706129,37.15974497930068,37.29789314487303,177816800
2017-10-30,39.03763961791992,39.353744772461454,38.335186894813674,38.37499212037991,178803200
2017-10-31,39.580875396728516,39.723707620517025,39.089160540713955,39.3139434540749,144187200
2017-11-01,39.07744216918945,39.79160310337848,38.777729313670626,39.77521082598868,134551200
2017-11-02,39.36311340332031,39.45443212407589,38.70046583563867,39.00954678149428,165573600
2017-11-03,40.39104461669922,40.80314906105143,40.06791511645028,40.74227109162704,237594400
2017-11-06,40.800811767578125,40.97408479388264,40.208410023151764,40.360606744073046,140105200
2017-11-07,40.93192672729492,41.03495371627154,40.64860608046916,40.721192302831795,97446000
2017-11-08,41.266761779785156,41.266761779785156,40.81953263960085,40.896802876349426,97638000
2017-11-09,41.18246841430664,41.23398190686511,40.540893553352774,41.00217119035197,117930400
2017-11-10,41.046173095703125,41.21301948479117,40.95217745315184,41.149570453931894,100582000
2017-11-13,40.881675720214844,41.00622155038839,40.74772817510162,40.771228876747195,67928400
2017-11-14,40.263648986816406,40.766533229249134,40.22604929365969,40.66313586592022,99130000
2017-11-15,39.73256301879883,40.02395523471581,39.568068858887536,39.94170636190828,116632400
2017-11-16,40.207252502441406,40.38819430017624,40.019257624841636,40.22604876306774,94550000
2017-11-17,39.98399353027344,40.275385674820555,39.864148582913586,40.19313682215801,87598000
2017-11-20,39.94404983520508,40.0803460031453,39.84535335201456,40.01689698334308,65049600
2017-11-21,40.68661880493164,40.81821408781552,40.132036122990606,40.132036122990606,100525200
2017-11-22,41.114322662353516,41.12372079225346,40.66548576342341,40.73833292368564,102355600
2017-11-24,41.11668395996094,41.241229837285516,41.041484554788745,41.147234166525266,56106800
2017-11-27,40.909881591796875,41.14252567446985,40.73363705253974,41.13547617975591,82867200
2017-11-28,40.6701774597168,41.093161338305435,40.385834790866966,40.95921739960652,105715200
2017-11-29,39.8265495300293,40.63492474285582,39.28136849844814,40.56677845854678,166665600
2017-11-30,40.38349151611328,40.4516378122689,39.582165655957304,40.04979877142327,166108800
2017-12-01,40.19550323486328,40.34119756572493,39.596271115090516,39.93700982297569,159037200
2017-12-04,39.90175247192383,40.56442987678386,39.861804151923685,40.531531049389436,130169600
2017-12-05,39.864158630371094,40.305946022165216,39.57276641238079,39.72786244384517,109400800
2017-12-06,39.71611022949219,39.9957520830652,39.11688178406845,39.36127258539654,114240000
2017-12-07,39.788963317871094,40.052153978787125,39.692615456034396,39.72081343093144,102693200
2017-12-08,39.80070495605469,40.18374413234362,39.671461863957795,40.06389916876704,93420800
2017-12-11,40.57619094848633,40.627889631724955,39.664418083046094,39.76076595505482,141095200
2017-12-12,40.34823226928711,40.51037775133174,40.291836335151814,40.453978231493615,77636800
2017-12-13,40.48219299316406,40.78063113721467,40.4187439608563,40.53624030957972,95273600
2017-12-14,40.47044372558594,40.68428794656163,40.336496163314095,40.51274069112183,81906000
2017-12-15,40.881675720214844,40.928673537802354,40.52683807386995,40.80177907174571,160677200
2017-12-18,41.4573974609375,41.64069141711014,41.09080954859221,41.095510404974355,117684400
2017-12-19,41.015621185302734,41.21536639951182,40.909875195423,41.13076889046729,109745600
2017-12-20,40.970970153808594,41.22241042592137,40.712476803315745,41.09316375067494,93902400
2017-12-21,41.12607192993164,41.36341685636329,40.91223129393932,40.92867891869068,83799600
2017-12-22,41.12607192993164,41.222419799360246,41.00622694147194,41.04852390715038,65397600
2017-12-26,40.082698822021484,40.29419077691055,39.87355191712221,40.13674612859032,132742000
2017-12-27,40.08974838256836,40.13204533933633,39.88060506301891,39.97225205505286,85992800
2017-12-28,40.202552795410156,40.383498184029406,40.06155573674765,40.183752948541546,65920800
2017-12-29,39.76781463623047,40.087404859849556,39.76546600002373,40.07095723499411,103999600
2018-01-02,40.47983932495117,40.48924104050735,39.774861257800275,39.986356829367864,102223600
2018-01-03,40.4727783203125,41.01796292499163,40.40933289402016,40.54327682411795,118071600
2018-01-04,40.66078567504883,40.764183034424285,40.4375433322358,40.545637963798164,89738400
2018-01-05,41.12372589111328,41.21067204985768,40.665490805467456,40.75713782259662,94640000
2018-01-08,40.970970153808594,41.26705960334316,40.87227008492711,40.970970153808594,82271200
2018-01-09,40.96627426147461,41.137817913571006,40.750081426545414,41.01797293783852,86336000
2018-01-10,40.95686721801758,40.95921943935775,40.65372827850578,40.691327962915956,95839600
2018-01-11,41.18952560424805,41.23887565546974,41.003882924461614,41.02738004613972,74670800
2018-01-12,41.6148567199707,41.67830575348247,41.27646665551336,41.401012500667235,101672400
2018-01-16,41.40335464477539,42.15533039069963,41.39160429539936,41.8051900592319,118263600
2018-01-17,42.08718490600586,42.12243236910456,41.140164816586015,41.39395372230317,137547200
2018-01-18,42.124778747558594,42.32217528744394,41.887437475437274,42.150628081013636,124773600
2018-01-19,41.93680191040039,42.19999260637193,41.690058840074926,41.97204938371647,129700400
2018-01-22,41.593711853027344,41.77700588959111,41.4997161983757,41.66421038686826,108434400
2018-01-23,41.60310745239258,42.16709210309346,41.55141235547322,41.66420785133173,130756400
2018-01-24,40.94042205810547,41.664199890843385,40.70072853771156,41.65244954054597,204420400
2018-01-25,40.209598541259766,41.11196959260525,40.07330235344657,41.008572237319115,166116000
2018-01-26,40.30359649658203,40.418744209893894,39.96285780032547,40.418744209893894,156572000
2018-01-29,39.4693717956543,39.98635497038947,39.26022845555082,39.98635497038947,202561600
2018-01-30,39.23672103881836,39.33071665970144,38.703286746764036,38.89833106651435,184192800
2018-01-31,39.34482192993164,39.58216682698936,39.12628046289826,39.21322660539064,129915600
2018-02-01,39.42707443237305,39.624467437367045,39.187380877335194,39.28372874371465,188923200
2018-02-02,37.71632385253906,39.19677840314394,37.62232821802913,39.00878354842047,346375200
2018-02-05,36.77400588989258,38.51060165666252,36.658858185507825,37.387336929885954,290954000
2018-02-06,38.310855865478516,38.47300138641009,36.18887227786028,36.38391663016176,272975200
2018-02-07,37.490726470947266,38.39779825952906,37.38028322232744,38.32495111044428,206434400
2018-02-08,36.45912170410156,37.83383064956318,36.430923723092576,37.66698422861595,217562000
2018-02-09,36.90506362915039,37.25426978743227,35.449247698677205,37.06079201336703,282690400
2018-02-12,38.39155960083008,38.6699798409599,37.164612453551335,37.39820506204281,243278000
2018-02-13,38.77614974975586,38.872890432207946,38.14144158485657,38.21222753787818,130196800
2018-02-14,39.49108123779297,39.53119243870084,38.43166453064394,38.46941391952456,162579600
2018-02-15,40.81711959838867,40.84071251207356,39.87567485452374,40.062074354021306,204588800
2018-02-16,40.68498229980469,41.248907996019206,40.52925755557384,40.66846762101277,160704400
2018-02-20,40.54814529418945,41.11678397015366,40.4466845808386,40.5953347328144,135722000
2018-02-21,40.36408615112305,41.083732873309366,40.34992608549319,40.779358068220645,149886400
2018-02-22,40.701515197753906,41.04364315616304,40.51511563983125,40.53635034890022,123967600
2018-02-23,41.409358978271484,41.444750152653654,40.94689389784784,40.977568649194346,135249600
2018-02-26,42.228111267089844,42.32721016237523,41.57688841221877,41.6099213773139,152648800
2018-02-27,42.09126663208008,42.584402981758934,42.03699895157552,42.258793298407795,155712400
2018-02-28,42.02754592895508,42.61742279681184,42.01103124882288,42.29652963668485,151128400
2018-03-01,41.291385650634766,42.41923006780911,40.73926170086954,42.126649810511154,195208000
2018-03-02,41.57688903808594,41.59812374446892,40.689711790193535,40.772296004336106,153816000
2018-03-05,41.72081756591797,41.937891845850366,41.17813006592543,41.3409366759555,113605600
2018-03-06,41.685420989990234,42.058223628667385,41.55800916173692,41.97800123308853,95154000
2018-03-07,41.2984619140625,41.49194326859992,41.119140629629214,41.277227209390716,126814000
2018-03-08,41.74913024902344,41.79159965990496,41.30790345669109,41.404640537140025,95096400
2018-03-09,42.46641159057617,42.471131613290154,41.85530006088455,41.98979370581474,128740800
2018-03-12,42.87697982788086,43.03506643244617,42.52069541463577,42.53956831042322,128828400
2018-03-13,42.46406173706055,43.29696769404827,42.29181867748533,43.082251622332656,126774000
2018-03-14,42.10304260253906,42.59382048030227,41.954392512548324,42.54663106135467,117473600
2018-03-15,42.1525993347168,42.52776375711934,42.01575107031442,42.11720816294422,90975200
2018-03-16,42.00395202636719,42.26349568192526,41.90956956953668,42.152598545351026,157618800
2018-03-19,41.362178802490234,41.87419164163715,40.975219607911185,41.83880045933444,133787200
2018-03-20,41.34801483154297,41.7160974620381,41.277228879450114,41.34801483154297,78597600
2018-03-21,40.41128921508789,41.31261928050812,40.40892740319114,41.30082102199341,148219600
2018-03-22,39.84028244018555,40.74397057323563,39.781294757330855,40.11162434118814,165963200
2018-03-23,38.917728424072266,40.09276248742057,38.917728424072266,39.731758024582696,164115200
2018-03-26,40.76520538330078,40.843069550037704,39.27163694932265,39.65623776069293,150164800
2018-03-27,39.71995162963867,41.32677579210551,39.38490196935786,40.97992787329814,163690400
2018-03-28,39.28107833862305,40.11634597762545,38.976703466990955,39.462761417214146,166674000
2018-03-29,39.58782958984375,40.524554663989235,39.380191709330724,39.59490782664997,153594000
2018-04-02,39.32827377319336,39.86152483329798,38.8068245723238,39.3188373262577,150347200
2018-04-03,39.73175048828125,39.81669291050325,38.90356457185909,39.55478740867901,121112000
2018-04-04,40.49150466918945,40.58588352047749,38.8776025500362,38.90355727418877,138422000
2018-04-05,40.77230453491211,41.10971249689104,40.60241964765766,40.72039506378859,107732800
2018-04-06,39.729393005371094,40.69678903141309,39.686919993319535,40.34050465406206,140021200
2018-04-09,40.12343215942383,40.840720969728224,40.076242721959105,40.08332095756265,116070800
2018-04-10,40.87847137451172,41.05543445405506,40.472635757399814,40.8194836813306,113634400
2018-04-11,40.68735122680664,41.03655735721723,40.51274636143984,40.637799981120445,89726400
2018-04-12,41.088470458984375,41.2913882825573,40.82892314965039,40.9162273902391,91557200
2018-04-13,41.22768020629883,41.48958572516423,41.02004596094194,41.239478465771256,100497200
2018-04-16,41.48487091064453,41.57217155354456,41.25127832519431,41.298467764590995,86313600
2018-04-17,42.05586242675781,42.221027229535785,41.624072127859385,41.642948619651534,106421600
2018-04-18,41.96147918701172,42.19271350692094,41.734968490365986,41.9544009527617,83018000
2018-04-19,40.77230453491211,41.38341632639254,40.73927156240841,40.998815317702054,139235200
2018-04-20,39.10176086425781,40.39949006513445,39.0333331265762,40.25320174368442,261964400
2018-04-23,38.98850631713867,39.38490188041015,38.717160772932665,39.3636671753041,146062000
2018-04-24,38.445823669433594,39.24569673204005,38.0399880081377,39.08996834100997,134768000
2018-04-25,38.613346099853516,39.030980014426014,38.32076941872852,38.37031706941815,113528400
2018-04-26,38.747840881347656,39.104125295229466,38.5472812600934,38.72424436108592,111852000
2018-04-27,38.29952621459961,38.77378591046077,37.90076888409943,38.695921733470556,142623200
2018-04-30,38.99322509765625,39.46512666359807,38.18627385193452,38.254701595177096,169709600
2018-05-01,39.89927291870117,39.922865833302694,38.99558112200881,39.264564830660426,214277600
2018-05-02,41.66182327270508,41.940243413625254,41.008238724498085,41.34564654954431,266157600
2018-05-03,41.737327575683594,41.881257675652265,41.15924896445039,41.49901861685661,136272800
2018-05-04,43.37482452392578,43.473923401676515,42.03934248506688,42.0582189761131,224805200
2018-05-07,43.68865203857422,44.28088726464388,43.5919113441793,43.69336846245429,169805600
2018-05-08,43.89863967895508,43.93875087617197,43.33707571727283,43.64853244905982,113611200
2018-05-09,44.20774459838867,44.217181046794146,43.70281000108883,44.01662501534543,92844800
2018-05-10,44.8400764465332,44.91794062173189,44.27615432947836,44.29739263203984,111957200
2018-05-11,44.66952896118164,45.017714248716835,44.39950808658343,44.88270561852026,104848800
2018-05-14,44.56533432006836,44.892203206387336,44.49664631493245,44.76903464406022,83115200
2018-05-15,44.1602897644043,44.309513095307935,43.842897435560666,44.240821499029245,94780800
2018-05-16,44.57242202758789,44.63874631478626,44.056067700114916,44.07264967546591,76732400
2018-05-17,44.29057693481445,44.74534897673241,44.14135355970452,44.5298049047307,69176000
2018-05-18,44.12950134277344,44.48479227123444,44.086868166177105,44.33793984401655,73190800
2018-05-21,44.442169189453125,44.830620548237015,44.27162921591805,44.52980648183389,73603200
2018-05-22,44.33082962036133,44.73823013099319,44.240821438136244,44.61979983404685,60962800
2018-05-23,44.615074157714844,44.64823450561759,43.99923499471324,44.13898553120973,80233600
2018-05-24,44.56533432006836,44.72876876322785,44.1058276489305,44.712190395453135,92936000
2018-05-25,44.66716384887695,44.920602763075095,44.44688165357067,44.58426120903158,69844000
2018-05-29,44.5061149597168,44.70744795912268,44.2621487778711,44.43505965565045,90056400
2018-05-30,44.411376953125,44.529807291666664,44.24083697648843,44.463486591219905,74762000
2018-05-31,44.26213836669922,44.58426892145429,44.089231143797164,44.34504102088553,109931200
2018-06-01,45.060359954833984,45.0650945644071,44.47057578446127,44.52742362719064,93770000
2018-06-04,45.43696975708008,45.813577247196406,45.32327767999337,45.39196566438581,105064800
2018-06-05,45.78752517700195,45.93674852187664,45.56250831426814,45.73068094215916,86264000
2018-06-06,45.94622039794922,45.9699079047771,45.45828811662611,45.863321352463835,83734400
2018-06-07,45.823055267333984,45.99832980589639,45.557768926088954,45.98411874754875,85388800
2018-06-08,45.40618896484375,45.47724788750937,44.949049614127176,45.280653100957494,106627200
2018-06-11,45.29486083984375,45.47013902099971,45.05326558039364,45.32328657534887,73234000
2018-06-12,45.54356002807617,45.621724466901995,45.275906369145886,45.3327542194391,67644400
2018-06-13,45.1693229675293,45.68568103802842,45.10774050273123,45.57672355424022,86553600
2018-06-14,45.19300079345703,45.375384457711235,45.055621219076464,45.37064623398618,86440400
2018-06-15,44.72875213623047,45.04140984417357,44.59137256281962,45.010616811486706,246876800
2018-06-18,44.7050666809082,44.81875874608599,44.34029936774632,44.501366439769974,73939600
2018-06-19,43.98263931274414,44.13422993122219,43.45207034096824,43.85236527791017,134314000
2018-06-20,44.17450714111328,44.340308857943754,43.99212344549659,44.138979492580454,82514800
2018-06-21,43.92816925048828,44.61269625214072,43.805000724311725,44.35214814180685,102847600
2018-06-22,43.800270080566406,44.09160766221041,43.748160449481254,44.084502131990305,108801600
2018-06-25,43.14889907836914,43.800265788904376,42.80781920439769,43.440236631467144,126652400
2018-06-26,43.6841926574707,44.18160129408606,43.23652633019905,43.34311647676336,98276800
2018-06-27,43.620262145996094,44.35926628478645,43.58946910214415,43.87370118520144,101141200
2018-06-28,43.937644958496094,44.10581758874971,43.53498262780935,43.6060415365673,69460800
2018-06-29,43.845272064208984,44.33794261618318,43.32417939272685,44.12476587725427,90950800
2018-07-02,44.335567474365234,44.363993205372445,43.44497287727165,43.539719290285504,70925200
2018-07-03,43.56340026855469,44.51794817879896,43.47339208576447,44.480049616128774,55819200
2018-07-05,43.9139518737793,44.153183382408514,43.6486691699271,43.88079153579777,66416800
2018-07-06,44.5226936340332,44.631647501648864,43.866588666289246,43.91869829487289,69940800
2018-07-09,45.14089584350586,45.16457973616899,44.83771454945132,44.88508594898369,79026400
2018-07-10,45.08642578125,45.30670444901592,45.04615629059817,45.171695759077025,63756400
2018-07-11,44.501373291015625,44.95140701169198,44.43741991329218,44.64822571507096,75326000
2018-07-12,45.247474670410156,45.33748284409787,44.84007419842066,44.89218381327086,72164400
2018-07-13,45.31855010986328,45.43934774427823,45.2166981475784,45.25933494538808,50055600
2018-07-16,45.21906280517578,45.63119797975706,45.1029997977627,45.363547931054796,60172400
2018-07-17,45.34696578979492,45.446446818275106,44.81402938523273,44.944303451411415,62138000
2018-07-18,45.09825897216797,45.42986599670524,44.986934195655486,45.42512777249876,65573600
2018-07-19,45.44881057739258,45.607506736933495,44.93008531373476,44.93008531373476,81147200
2018-07-20,45.3445930480957,45.57908272489699,45.043779079386574,45.42512478327583,82704800
2018-07-23,45.384864807128906,45.46776747212096,44.89929979976048,45.1645825450049,63957600
2018-07-24,45.7140998840332,45.870428761408824,45.4890830167717,45.58382581955351,74791600
2018-07-25,46.14519119262695,46.15229672262468,45.57909079862693,45.72831415699223,66839600
2018-07-26,46.00070571899414,46.41521183209491,45.858587891677,46.09544852773458,76304000
2018-07-27,45.23564529418945,46.232830207034176,45.02721038275673,46.18545880053613,96096000
2018-07-30,44.98219680786133,45.524605984308835,44.78323477394917,45.45354708242424,84118000
2018-07-31,45.072200775146484,45.51039431907878,44.84718393402146,45.07457169417471,157492000
2018-08-01,47.72740936279297,47.78899181569538,46.73496290248479,47.16605091541913,271742800
2018-08-02,49.122528076171875,49.3570214113213,47.45503075772894,47.50950769305218,249616000
2018-08-03,49.264644622802734,49.44229009850477,48.67012211769446,49.03725682365329,133789600
2018-08-06,49.520450592041016,49.56308376799022,49.04672936128364,49.26700799876686,101701600
2018-08-07,49.05619812011719,49.62229479927336,48.973295465939636,49.57966162686607,102349600
2018-08-08,49.08937454223633,49.22201594101339,48.442745916094616,48.805142457113035,90102000
2018-08-09,49.47544479370117,49.688617894521244,49.07751709417605,49.629402742714994,93970400
2018-08-10,49.32807540893555,49.70125249242797,49.1236607449897,49.28766832298923,98444800
2018-08-13,49.64658737182617,50.14098577778715,49.36848894851348,49.75117213824433,103563600
2018-08-14,49.85575866699219,50.04828807248493,49.501597263990135,49.95321298704324,82992000
2018-08-15,49.97222900390625,50.091074674801966,49.51823767063294,49.729782819752025,115230400
2018-08-16,50.704315185546875,50.820781613582525,50.26458478358194,50.33113806442568,114001600
2018-08-17,51.71688461303711,51.80482925235112,50.66628927628979,50.73284256445425,141708000
2018-08-20,51.21297836303711,52.09718682234208,51.12978494222709,51.840483363536094,121150800
2018-08-21,51.11313247680664,51.624170917147424,50.87306558394703,51.53147146080746,104639200
2018-08-22,51.11552047729492,51.4268955346363,50.827912376468916,50.889714442548886,76072400
2018-08-23,51.2200927734375,51.59089057213189,51.008547689470525,51.020429351395116,75532800
2018-08-24,51.37934875488281,51.55523798361632,51.129772181622364,51.483933500011474,73905600
2018-08-27,51.80244827270508,51.99260205926306,51.41976509200178,51.61467009373441,82100400
2018-08-28,52.22079086303711,52.420450734206966,52.035391893110486,52.056783244975335,91107200
2018-08-29,53.000404357910156,53.1216292405119,52.15184831410476,52.32773755257575,109019200
2018-08-30,53.4876823425293,54.25542436083584,52.862552953139996,53.06459204437532,195175200
2018-08-31,54.10567092895508,54.40040581511717,53.718232955444314,53.83945421086117,173360400
2018-09-04,54.2791862487793,54.4740912318018,53.86798130897502,54.29107153933857,109560400
2018-09-05,53.92504119873047,54.59057777550264,53.50433007545366,54.42894938106732,133332000
2018-09-06,53.0289421081543,54.03913035465342,52.60109694896646,53.77291357400199,137160000
2018-09-07,52.60108184814453,53.568483487560215,52.46084486110648,52.73181277965507,150479200
2018-09-10,51.895137786865234,52.731812111042935,51.453031859377816,52.51788778213418,158066000
2018-09-11,53.207210540771484,53.31417092368412,51.47443855543452,51.81909029010063,142996000
2018-09-12,52.546417236328125,53.48054230094829,52.254054327061674,53.46628140330239,197114800
2018-09-13,53.81568908691406,54.27681079764192,52.902955348685715,53.12876136243596,166825600
2018-09-14,53.204830169677734,53.91790420970806,52.891079478043096,53.65882151228209,127997200
2018-09-17,51.78817367553711,52.993266496052186,51.64318185966093,52.80311275978953,148780400
2018-09-18,51.87374496459961,52.73181060916491,51.607528271331915,51.76678098975117,126286800
2018-09-19,51.90465545654297,52.20176962410917,51.174944946978975,51.93555649057207,108495200
2018-09-20,52.29922103881836,52.834026510754825,52.09005151585884,52.34913781202706,106435200
2018-09-21,51.735897064208984,52.61535428203255,51.64794880360925,52.477492871926714,384986800
2018-09-24,52.479862213134766,52.591577417865714,51.49106912987414,51.53623105862259,110773600
2018-09-25,52.8126335144043,52.96238020247608,52.22078083825157,52.23266612930009,98217600
2018-09-26,52.39192199707031,53.18343455324498,52.23504485039457,52.529783402311246,95938800
2018-09-27,53.468658447265625,53.82281979814073,53.133512836056454,53.20006973832795,120724800
2018-09-28,53.656436920166016,53.68020387472484,53.24760758218648,53.43062727712734,91717600
2018-10-01,54.017723083496094,54.531137157681734,53.801426758723146,54.1817306594344,94403200
2018-10-02,54.497867584228516,54.6690056311374,53.86798701357902,54.01535447685207,99152800
2018-10-03,55.16102600097656,55.49379239597776,54.61671085079683,54.680888522290516,114619200
2018-10-04,54.19124221801758,55.22757645835054,53.89174885093619,54.854399366632144,128168000
2018-10-05,53.31178665161133,54.291077394583894,52.429953850982976,54.18411702177779,134322000
2018-10-08,53.18819046020508,53.43301224239674,52.33963066273698,52.817392562007285,118655600
2018-10-09,53.92504119873047,54.02011992505938,52.826908204530056,53.1572990713976,107564000
2018-10-10,51.42689514160156,53.80143278031329,51.35321141126795,53.58988764646959,167962400
2018-10-11,50.972900390625,52.173242224118844,50.466620369718235,50.989540523125804,212497600
2018-10-12,52.793617248535156,52.9766405735918,51.54098302362903,52.39191835251285,161351600
2018-10-15,51.664588928222656,52.72706949009142,51.64319757843839,52.5678167302275,123164000
2018-10-16,52.80312728881836,53.002790761616964,51.521971170529746,52.03776091925562,116736000
2018-10-17,52.5749397277832,52.9195913906878,52.135209367844666,52.83877721837003,91541600
2018-10-18,51.34607696533203,52.23028891427931,50.62824820529817,51.783428098156286,130325200
2018-10-19,52.12808609008789,52.591583467886274,51.681225219758204,51.830971921386116,132314800
2018-10-22,52.44658279418945,53.090727799506446,52.04013271076826,52.24216813540176,115168400
2018-10-23,52.94099426269531,53.06459478230654,51.03233298016091,51.30092537079237,155071200
2018-10-24,51.12502670288086,53.29752528866364,50.99429574752945,52.91009089156269,163702000
2018-10-25,52.24454116821289,52.62009380498401,51.51958207909398,51.74776729105044,119423200
2018-10-26,51.41262435913086,52.33724328911482,50.54980385599294,51.31754567142799,189033600
2018-10-29,50.44760513305664,52.21840467395424,48.9858013948358,52.09955901849961,183742000
2018-10-30,50.699554443359375,51.14641161603836,49.74165880531733,50.18851597799631,146640000
2018-10-31,52.02113342285156,52.399061830987286,51.48870344796882,51.55050552542062,153435600
2018-11-01,52.81975555419922,52.853032187708116,51.53384488274649,52.06627464576985,233292800
2018-11-02,49.31618881225586,50.782743665431,48.82892093271074,49.808211533222085,365314800
2018-11-05,47.916194915771484,48.58173137308608,47.103290992701346,48.56034002358258,264654800
2018-11-06,48.43436050415039,48.66016652910135,47.93996213136589,47.99463011854984,127531600
2018-11-07,49.903289794921875,49.92943598408969,48.51992825709397,48.95727939691793,133697600
2018-11-08,49.72917175292969,50.11795793851599,49.314144510660114,50.08456519301405,101450400
2018-11-09,48.770320892333984,49.13764111675981,48.240804722388845,49.02792364848593,137463200
2018-11-12,46.313575744628906,47.66837556019531,46.22293669076152,47.4656314574513,204542000
2018-11-13,45.850826263427734,47.03150282339623,45.66478043650113,45.70771604861924,187531600
2018-11-14,44.55567169189453,46.38750909375716,44.348156188429506,46.24916663795961,243204000
2018-11-15,45.655235290527344,45.78880626284105,44.57950490510995,44.93490195893724,185915200
2018-11-16,46.1609001159668,46.504370426945854,45.190122983790346,45.43818285308844,147713200
2018-11-19,44.33145523071289,45.485894487494335,44.12394339674172,45.318930733751046,167701200
2018-11-20,42.213382720947266,43.28434172692376,41.86275708173473,42.54492627182092,271300800
2018-11-21,42.16568374633789,42.998122194770396,42.110825011314766,42.86931899484548,124496800
2018-11-23,41.094722747802734,42.12274984555571,41.0494068797922,41.726804678029765,94496000
2018-11-26,41.65046691894531,41.72917915541234,40.610516934602686,41.55983156384575,179994000
2018-11-27,41.55985641479492,41.686272119989894,40.75842655645327,40.90869215271011,165549600
2018-11-28,43.15793228149414,43.24141233550123,41.724420670041845,42.15375862055615,184250000
2018-11-29,42.82638931274414,43.60158153162868,42.38512459387207,43.568188781627434,167080000
2018-11-30,42.59501647949219,43.01242760097728,42.225308758269584,43.0028847372031,158126000
2018-12-03,44.0833854675293,44.11200677905169,43.22232583038205,43.99751789342606,163210000
2018-12-04,42.14421081542969,43.50377768234219,42.044032587292556,43.160307391851454,165377200
2018-12-06,41.6743278503418,41.688638506875606,40.64868833749596,40.968305131871844,172393600
2018-12-07,40.18834686279297,41.619470806738356,40.14302735557554,41.380950149414126,169126400
2018-12-10,40.453102111816406,40.56997489643687,38.95757667580565,39.355905708964166,248104000
2018-12-11,40.22173309326172,40.97545548225458,39.83294332015604,40.944450276710064,189126800
2018-12-12,40.33384704589844,41.006473447627016,40.314764955415384,40.6439210075223,142510800
2018-12-13,40.77511215209961,41.161518153545806,40.441184634343124,40.66539467035261,127594400
2018-12-14,39.47039794921875,40.32907378432896,39.42269454494295,40.30999169471135,162814800
2018-12-17,39.10307693481445,40.154953901474315,38.81446533960052,39.46324181521365,177151600
2018-12-18,39.61112976074219,39.95936790385113,39.210413139074184,39.446549914675145,135366000
2018-12-19,38.37559127807617,39.94028632468432,37.946253334912555,39.594432073635204,196189200
2018-12-20,37.407196044921875,38.66658485540518,37.04225972140322,38.25871291995325,259092000
2018-12-21,35.95222091674805,37.724431453791524,35.68985035364198,37.41435384326915,382978400
2018-12-24,35.02199172973633,36.1478096256321,34.96474545655059,35.33683713341607,148676800
2018-12-26,37.48830032348633,37.50261098405414,34.99575958072882,35.372622747009245,234330000
2018-12-27,37.2449951171875,37.39288038346014,35.79479288185013,37.17105430381918,212468400
2018-12-28,37.26408386230469,37.81029824364657,36.86337087715202,37.567006137211514,169165600
2018-12-31,37.624244689941406,38.0106469377099,37.323706373200665,37.81267438225659,140014000
2019-01-02,37.66718292236328,37.88900903303251,36.78704108753549,36.94446559968314,148158800
2019-01-03,33.91525650024414,34.75723422012453,33.86993698814538,34.342206921445,365248800
2019-01-04,35.36307144165039,35.43224447060452,34.29927134520694,34.473390406461,234428400
2019-01-07,35.284358978271484,35.49902975289931,34.80016233661309,35.46802090289458,219111200
2019-01-08,35.95698165893555,36.21220045649349,35.4250817221221,35.67314155306667,164101200
2019-01-09,36.56761169433594,36.85860726941731,35.689857175068276,36.08579881172846,180396400
2019-01-10,36.68448257446289,36.725030654714004,35.98323116880231,36.37440495188372,143122800
2019-01-11,36.324310302734375,36.66062531231102,36.138264476061444,36.46504026047846,108092800
2019-01-14,35.77809524536133,36.08101747084215,35.592049441248335,35.98083924089946,129756800
2019-01-15,36.51036071777344,36.58668543964346,35.79002727502903,35.842502113611935,114843600
2019-01-16,36.95639419555664,37.18060421377019,36.49366350086684,36.51274559172934,122278800
2019-01-17,37.175838470458984,37.60517648172829,36.55568316089918,36.77989321342522,119284800
2019-01-18,37.40481185913086,37.657643177830934,37.204451737553185,37.56700416186809,135004000
2019-01-22,36.565223693847656,37.38334794017175,36.40302772681457,37.30702320944919,121576000
2019-01-23,36.713104248046875,37.00409978164385,36.1835880239302,36.76796298779607,92522400
2019-01-24,36.42211151123047,36.84667808179418,36.19313366888948,36.75842658417705,101766000
2019-01-25,37.62901306152344,37.71726816899885,36.808505156266335,37.0851863194231,134142000
2019-01-28,37.28077697753906,37.28793230561794,36.65108262984457,37.1591291211258,104768400
2019-01-29,36.89438247680664,37.717281855801716,36.75842756171438,37.26886174661452,166348800
2019-01-30,39.4155387878418,39.630205924517746,38.218164063991175,38.93849747119621,244439200
2019-01-31,39.69937515258789,40.30998739710586,39.250955193222985,39.62066290613324,162958400
2019-02-01,39.71846389770508,40.30522272121144,39.57773393313214,39.82341357723608,130672400
2019-02-04,40.84666061401367,40.94445495233008,39.89973335854342,39.930742207164776,125982000
2019-02-05,41.5455322265625,41.760203032262986,41.10904256466571,41.23068680688681,144406400
2019-02-06,41.55985641479492,41.87708944617367,41.22831272087149,41.657647155362774,112958400
2019-02-07,40.77272033691406,41.48828228416903,40.62960649164856,41.12095844643784,126966800
2019-02-08,40.82063293457031,40.88051884510569,40.343939770856174,40.48048140134687,95280000
2019-02-11,40.58588409423828,41.01227520891015,40.542767986153166,40.97394734273682,83973600
2019-02-12,40.93561935424805,40.96196930527016,40.65056179004875,40.74638145519575,89134000
2019-02-13,40.765533447265625,41.31648453065105,40.70325341893869,41.055382849595446,89960800
2019-02-14,40.9140510559082,41.02423907430446,40.573899553885575,40.65294938715884,87342800
2019-02-15,40.82301712036133,41.12963261527218,40.66252335780213,41.02183873357063,98507200
2019-02-19,40.9451904296875,41.06736001881353,40.600250676952555,40.652950567331295,75891200
2019-02-20,41.20869064331055,41.51770397489298,40.95956687476161,41.00747487004267,104457600
2019-02-21,40.9763298034668,41.29013135127921,40.794277973667924,41.15359339271642,68998800
2019-02-22,41.433860778808594,41.44104679508973,41.052987295325664,41.10089528891515,75652800
2019-02-25,41.735687255859375,42.12853867814377,41.66861532926052,41.71892110178259,87493600
2019-02-26,41.75965118408203,41.99200885171948,41.481779631319185,41.61113526853311,68280800
2019-02-27,41.88899230957031,41.920134150299994,41.3763691010239,41.49135267211243,111341600
2019-02-28,41.47697830200195,41.89857743242861,41.42188429023783,41.75724756718137,112861600
2019-03-01,41.91294479370117,41.956060888063966,41.4146936574631,41.74765912168646,103544800
2019-03-04,42.12375259399414,42.57888406995493,41.67340935935998,42.08542473250484,109744800
2019-03-05,42.047096252441406,42.15968205944365,41.80994672500447,42.145310025383104,78949600
2019-03-06,41.80516052246094,42.03751816482708,41.66622476119022,41.84109060936449,83241600
2019-03-07,41.321292877197266,41.786008292060025,41.2063129117628,41.649466613299495,99185600
2019-03-08,41.41949462890625,41.45782249127964,40.602649880910676,40.79907743421472,95997600
2019-03-11,42.85435104370117,42.907050931145044,42.00397413888829,42.037510098612074,128044000
2019-03-12,43.33582305908203,43.7574183771367,42.96692395753286,43.117837558634285,129870400
2019-03-13,43.52747344970703,43.90834693397059,43.33823194019415,43.6568253981783,124130000
2019-03-14,44.01134490966797,44.099978527781204,43.73107933434246,44.05206688333284,94318000
2019-03-15,44.5838508605957,44.87370020664478,44.013739613921665,44.279633139418074,156171600
2019-03-18,45.03900146484375,45.12763145232553,44.504816453687674,44.507214229660455,104879200
2019-03-19,44.68206787109375,45.27134674136499,44.53594612739832,45.118038982007924,126585600
2019-03-20,45.07253646850586,45.391129978639086,44.250899804447286,44.610215298637904,124140800
2019-03-21,46.73256301879883,47.02959841754158,45.46777302277407,45.51807879023726,204136800
2019-03-22,45.764808654785156,47.35537812184152,45.70013085490152,46.792449161113716,169630800
2019-03-25,45.21146774291992,45.987586794024466,44.69884450164073,45.8750009912773,175381200
2019-03-26,44.744354248046875,46.203177772062595,44.21496485832889,45.91093424315701,199202000
2019-03-27,45.14678192138672,45.45579155258469,44.68685865475858,45.21385383599008,119393600
2019-03-28,45.20667266845703,45.407888433845436,44.92161517325066,45.261766678115514,83121600
2019-03-29,45.501304626464844,45.53244646311037,45.1635472840862,45.472560565035224,94256000
2019-04-01,45.81032943725586,45.91572557407298,45.12523444464125,45.90614543623363,111448000
2019-04-02,46.476253509521484,46.581653285633685,45.764808675909656,45.77438881230826,91062800
2019-04-03,46.79485321044922,47.07032694424774,46.2678542594757,46.29181008639122,93087200
2019-04-04,46.876285552978516,47.039173439156556,46.26544866952068,46.66069412962246,76457200
2019-04-05,47.19009780883789,47.21405363526623,46.933784355609184,47.05834807377388,74106400
2019-04-08,47.93268585205078,47.96382404106772,47.0319993882877,47.051163318915215,103526800
2019-04-09,47.7889518737793,48.591424457527545,47.724274073366516,47.985379395349405,143072800
2019-04-10,48.0572509765625,48.08599870310256,47.47276382391557,47.59253566158432,86781200
2019-04-11,47.657203674316406,48.14826883877584,47.535037740876426,48.11233875692457,83603200
2019-04-12,47.638038635253906,47.94226005670454,47.00085538268717,47.717088468629846,111042800
2019-04-15,47.72426986694336,47.87278938276906,47.432026385823875,47.568567990755454,70146400
2019-04-16,47.729068756103516,48.236900087149166,47.563783064922795,47.779374527172074,102785600
2019-04-17,48.65850067138672,48.71838658127415,47.57576239718102,47.79853622749227,115627200
2019-04-18,48.833370208740234,48.902836261214354,48.51238258463225,48.65610658617578,96783200
2019-04-22,48.993858337402344,49.09207210290908,48.469257203029855,48.586634897548564,77758000
2019-04-23,49.70050811767578,49.76518591703758,48.84294153906798,48.96989936235323,93292000
2019-04-24,49.623863220214844,49.94005893632176,49.597513272610435,49.67177121900122,70162400
2019-04-25,49.173519134521484,49.767586350455105,49.13519127410101,49.54481251515973,74172800
2019-04-26,48.93876266479492,49.10644246902589,48.41655566859494,49.08248664478764,74596400
2019-04-29,49.013023376464844,49.33880286675529,48.833365649947595,48.96271760477586,88818800
2019-04-30,48.069217681884766,48.72317073961693,47.695530220323526,48.6417267862296,186139600
2019-05-01,50.42872619628906,51.57613857993993,50.11971286557231,50.27541841873172,259309200
2019-05-02,50.100547790527344,50.93895047943028,49.85621592432336,50.265833476877226,127985200
2019-05-03,50.723358154296875,50.7449162014251,50.359250852723804,50.517350508621426,83569600
2019-05-06,49.94005584716797,50.02629170170755,48.747129571991984,48.93636743479356,129772400
2019-05-07,48.59383010864258,49.68614868298662,48.107556740284565,49.31725303135676,155054800
2019-05-08,48.6033935546875,49.187880506395196,48.32791988481231,48.36384996170206,105358000
2019-05-09,48.081199645996094,48.311159493192925,47.108653053779015,48.004543926833236,139634400
2019-05-10,47.41510772705078,47.81668937591435,46.35465492765193,47.47282091670573,164834800
2019-05-13,44.659366607666016,45.563517867734376,43.96923004047758,45.137895491396044,229722400
2019-05-14,45.366336822509766,45.61641996040873,44.58482197139578,44.825288079430855,146118800
2019-05-15,45.9097900390625,46.10937735396515,44.731507548292626,44.79162407678541,106178800
2019-05-16,45.707801818847656,46.28251571508548,45.40962250071928,45.66692301760151,132125600
2019-05-17,45.44810485839844,45.90498910092616,44.90945933174919,44.95033813919872,131516400
2019-05-20,44.02693557739258,44.329925199368866,43.35122645095554,44.1303379041814,154449200
2019-05-21,44.87097930908203,45.20763040826336,44.414091481082465,44.53913489044487,113459200
2019-05-22,43.952392578125,44.65696014491198,43.89708640362231,44.404470011159354,118994400
2019-05-23,43.202144622802734,43.41375231638336,42.757280826698924,43.23580973331932,146118800
2019-05-24,43.036224365234375,43.798501570942584,42.95205975050922,43.331996683151345,94858800
2019-05-28,42.858280181884766,43.42578043331544,42.78133292314651,43.02420240973007,111792800
2019-05-29,42.65387725830078,43.12759576068828,42.32203287185921,42.42302819181503,113924800
2019-05-30,42.87510681152344,43.098738525632164,42.48314589027991,42.790942207956036,84873600
2019-05-31,42.0984001159668,42.80056065810064,42.07916238847009,42.377337991615725,108174400
2019-06-03,41.67278289794922,42.78373529332015,40.944170785501775,42.22585575514875,161584400
2019-06-04,43.19733428955078,43.24302344010268,41.96614891107454,42.187377304443125,123872000
2019-06-05,43.89468002319336,44.483824900129896,43.558028952848034,44.31309235566953,119093600
2019-06-06,44.53913879394531,44.59925532901227,43.80090598209646,44.02454140054104,90105200
2019-06-07,45.72462844848633,46.15025448218775,44.67138940249549,44.84933197208992,122737600
2019-06-10,46.308956146240234,46.979854866291,46.078107104855484,46.12379624517692,104883600
2019-06-11,46.845191955566406,47.13134715034023,46.55423008149379,46.85721599225505,107731600
2019-06-12,46.696109771728516,47.12413911076037,46.50373616931367,46.638396590237676,73012800
2019-06-13,46.68649673461914,47.32132715830657,46.55424330115158,46.818753837308584,86698400
2019-06-14,46.34744644165039,46.55184046483752,45.76070845655376,46.061291139966194,75046000
2019-06-17,46.62397003173828,46.881270509200554,46.21036806350342,46.38590728177779,58676400
2019-06-18,47.720497131347656,48.162953877703266,46.941389310421805,47.14337995516395,106204000
2019-06-19,47.581031799316406,48.06437106719529,47.446371354072,48.01627490598919,84496800
2019-06-20,47.96336364746094,48.23989815860515,47.61949526143936,48.182184981233554,86056000
2019-06-21,47.79985046386719,48.297617045839175,47.64835564861981,47.80466081318877,191202400
2019-06-24,47.75176239013672,48.131699298772126,47.65317040065336,47.742141690604704,72881600
2019-06-25,47.027957916259766,47.915274761567105,46.960624031175655,47.715687454109734,84281200
2019-06-26,48.04513168334961,48.331286954258495,47.45599042106641,47.556985751524515,104270000
2019-06-27,48.030696868896484,48.470750242280026,47.98981807498277,48.162950279526235,83598800
2019-06-28,47.59305953979492,47.97299649368566,47.383855165326956,47.77581249123182,124442400
2019-07-01,48.46595001220703,49.17292103281461,48.24952829020482,48.85550397490018,109012000
2019-07-02,48.749691009521484,48.84587965023338,48.420253629484236,48.43227766822591,67740800
2019-07-03,49.1536750793457,49.160888768616864,48.74007310476587,48.88194721939393,45448000
2019-07-05,49.110389709472656,49.31478735855635,48.790569361806654,48.898782040275336,69062000
2019-07-08,48.098018646240234,48.42985928842662,47.71086817267228,48.28798520456038,101354400
2019-07-09,48.39141082763672,48.45633404828326,47.807076157261235,47.90085781186195,82312000
2019-07-10,48.869930267333984,48.99016333158315,48.468352273048396,48.538089505077195,71588400
2019-07-11,48.5140380859375,49.148868474716956,48.504421055917035,48.88916463350422,80767200
2019-07-12,48.88676071166992,49.055086254188005,48.62224652398319,48.682363051255486,70380800
2019-07-15,49.34605407714844,49.504758927667474,49.05508845762357,49.07672952780047,67789600
2019-07-16,49.175323486328125,49.56247410162017,48.934857356810625,49.19696455737143,67467200
2019-07-17,48.89878845214844,49.317197165331336,48.87955072165859,49.067114007407184,56430000
2019-07-18,49.454261779785156,49.50716461828943,48.982946582898464,49.05508715078808,74162400
2019-07-19,48.716033935546875,49.656257414171854,48.660727751281314,49.485524842018926,83717200
2019-07-22,49.82938003540039,49.83178337521537,48.96129736344998,48.970914391931,89111600
2019-07-23,50.21894073486328,50.23577512352253,49.84621753643369,50.12756610958403,73420800
2019-07-24,50.17805862426758,50.29348132023345,49.81735948880555,49.93759253395956,59966400
2019-07-25,49.78129959106445,50.31513469675261,49.711562358136355,50.23097008300407,55638400
2019-07-26,49.95443344116211,50.432958675026704,49.810152300458334,49.89190990122029,70475600
2019-07-29,50.42094039916992,50.651789516842044,50.122764722486984,50.12757507285285,86693600
2019-07-30,50.20450973510742,50.536354111861606,49.85102429097048,50.19969938594859,135742800
2019-07-31,51.228904724121094,53.23198810566113,50.81049598986068,52.0416814494569,277125600
2019-08-01,50.1203498840332,52.428826023287826,49.713965237539156,51.43569980814029,216071600
2019-08-02,49.059898376464844,49.63941893170146,48.485184501744115,49.4230008933899,163448400
2019-08-05,46.49171829223633,47.76859278950879,46.30896536379563,47.60988794051476,209572000
2019-08-06,47.371826171875,47.62912668439035,46.660044834225765,47.205903960136595,143299200
2019-08-07,47.86236572265625,47.98740910843495,46.60713619289486,46.989476369687395,133457600
2019-08-08,48.91802215576172,48.94207023600368,47.9465406230698,48.14131759767527,108038000
2019-08-09,48.514923095703125,48.94216265255488,48.10457452496943,48.589750237869374,98478800
2019-08-12,48.39181137084961,48.77077934722417,48.070775860559834,48.18422463799918,89927600
2019-08-13,50.44112014770508,51.20629341455547,48.39180500852836,48.522152119291036,188874000
2019-08-14,48.93974304199219,49.830434885675274,48.90112139903579,49.038709620881995,146189600
2019-08-15,48.695953369140625,49.516643067417526,48.196295505607196,49.11112684469137,108909600
2019-08-16,49.84492111206055,50.004232639767636,49.2028500578444,49.30905774298246,110481600
2019-08-19,50.77424240112305,51.34872382054766,50.69699909720784,50.83941229524261,97654400
2019-08-20,50.77666091918945,51.49838793303429,50.767007346632326,50.902179461415486,107537200
2019-08-21,51.32698440551758,51.57077660101619,51.07595111294609,51.41146878225078,86141600
2019-08-22,51.28353500366211,51.76146580000771,50.87077407738948,51.459741161351786,89014800
2019-08-23,48.91319274902344,51.18457709703032,48.517330103465945,50.55215964287231,187272000
2019-08-26,49.8425178527832,50.0114829816587,49.49734281228565,49.69044739521347,104174400
2019-08-27,49.28009033203125,50.33974728049744,49.12801991188175,50.17319466474564,103493200
2019-08-28,49.61078643798828,49.65664918600213,49.07733918085384,49.2656151166852,63755200
2019-08-29,50.45077896118164,50.52560977566885,49.883538772750256,50.327676617695595,83962000
2019-08-30,50.3856086730957,50.798365969361676,50.013881807829335,50.72836746477032,84573600
2019-09-03,49.65181350708008,49.96077929036558,49.29457251074922,49.82801969211884,80092000
2019-09-04,50.494232177734375,50.56423068697994,50.042853208775554,50.30112763465436,76752400
2019-09-05,51.481483459472656,51.64803611081157,51.05424018210286,51.172517610064965,95654800
2019-09-06,51.476646423339844,51.756647829615176,51.295611602876754,51.667338496798834,77449200
2019-09-09,51.69629669189453,52.24422971409327,50.94802173358443,51.85802067014054,109237600
2019-09-10,52.30699157714844,52.32630239930841,51.10250897061731,51.621473964701686,127111600
2019-09-11,53.9701042175293,53.999072295729235,52.55561855701022,52.63769048155304,177158400
2019-09-12,53.84941101074219,54.65320607197565,53.79389469595321,54.26217203041021,128906800
2019-09-13,52.801822662353516,53.29423575367592,52.38423670755513,53.10354736328125,159053200
2019-09-16,53.07940673828125,53.13492673389949,52.514578994614034,52.5556131110518,84632400
2019-09-17,53.27251434326172,53.30148242012604,52.8911338658212,53.09389567121951,73274800
2019-09-18,53.77217102050781,53.79148184359405,52.968375964962206,53.359410003760594,101360000
2019-09-19,53.33527755737305,54.011137991648965,53.192860688642,53.58872337864495,88242400
2019-09-20,52.55561065673828,53.72147526283461,52.492853249204686,53.43664893268685,221652400
2019-09-23,52.7945671081543,53.06491118754873,52.53628906696281,52.85008340663812,76662000
2019-09-24,52.543540954589844,53.70458061816006,52.42526723714453,53.35216457100263,124763200
2019-09-25,53.352169036865234,53.46561782079942,52.413201900566875,52.75354825236944,87613600
2019-09-26,53.07699203491211,53.33044150405339,52.82113009425691,53.10354395421572,75334000
2019-09-27,52.818721771240234,53.33527431931226,52.44699487179342,53.23389157716284,101408000
2019-09-30,54.06182861328125,54.20907042366248,53.294239011947965,53.320790934579435,103909600
2019-10-01,54.21147918701172,55.087688890747934,54.11734122833316,54.327344123202884,139223200
2019-10-02,52.852516174316406,53.967689535520684,52.603891622167716,53.84217102356307,138449200
2019-10-03,53.30147933959961,53.33527235801911,51.928027942473314,52.72457818852778,114426000
2019-10-04,54.79561996459961,54.91148490544862,54.042516264895916,54.46493086010512,138478800
2019-10-07,54.807682037353516,55.50044069816068,54.513198466013634,54.61699366730349,122306000
2019-10-08,54.165618896484375,55.04906973834583,54.148724227834826,54.50838141095232,111820000
2019-10-09,54.80044174194336,54.98388901728139,54.464924052724605,54.80044174194336,74770400
2019-10-10,55.53907012939453,55.62355452175518,54.865622194911026,55.01768894473202,113013600
2019-10-11,57.01631164550781,57.36148291571527,56.074928422540616,56.2294113132563,166795600
2019-10-14,56.93423843383789,57.479759006706715,56.6445834807475,56.70009978999221,96427600
2019-10-15,56.801483154296875,57.36389471691398,56.695275477577944,57.059757565260995,87360000
2019-10-16,56.572174072265625,56.78217697135607,56.289760190553885,56.33079430842692,73903200
2019-10-17,56.79182434082031,57.00182353382027,56.366997328785196,56.74596160139216,67585200
2019-10-18,57.0645866394043,57.347000500262524,56.55285907330156,56.62527373373863,97433600
2019-10-21,58.05424880981445,58.17011375459098,57.284250415446216,57.332525634188215,87247200
2019-10-22,57.92148971557617,58.46217802901688,57.83941779671787,58.21114469537125,82293600
2019-10-23,58.69872283935547,58.713208717472334,58.22562061608776,58.43803596385183,75828800
2019-10-24,58.7952880859375,59.089771716355514,58.3680448380092,59.01976951659409,69275200
2019-10-25,59.51942443847656,59.55562993089987,58.62632002145907,58.69390606275793,73477200
2019-10-28,60.11562728881836,60.163902502037004,59.553212031072555,59.722177118919156,96572800
2019-10-29,58.72527313232422,60.284587815120595,58.55148311451977,60.09631191960024,142839600
2019-10-30,58.718040466308594,59.21045725080775,58.223214893254514,59.080110114785,124522000
2019-10-31,60.045631408691406,60.144598000245004,57.26976400055406,59.67873680314544,139162000
2019-11-01,61.74977493286133,61.776323171898355,60.142184770196394,60.23390657884497,151125200
2019-11-04,62.1552848815918,62.2397692663464,61.64356099632433,62.11424708339946,103272000
2019-11-05,62.06596755981445,62.32182946949374,61.870450579141114,62.04665305739092,79897600
2019-11-06,62.092529296875,62.152874239005016,61.641150308354646,61.979080511017536,75864400
2019-11-07,62.80915069580078,63.031890023003186,62.489571073987236,62.642098047509194,94940400
2019-11-08,62.98105239868164,63.05368077510986,62.18452672446015,62.62999800624924,69986400
2019-11-11,63.47978210449219,63.54514763828539,62.53072952381276,62.53556895239132,81821200
2019-11-12,63.42167282104492,63.62262363042443,63.1698895398465,63.322409120625274,87388800
2019-11-13,64.02935028076172,64.10440205288621,63.206196807227386,63.2207224799973,102734400
2019-11-14,63.58633041381836,64.1286421379376,63.45559191302422,63.85506286653859,89182800
2019-11-15,64.3416748046875,64.34651423338288,63.67588763125635,63.838093459620026,100206400
2019-11-18,64.66609954833984,64.7459907652778,63.97126096462461,64.35135933282704,86703200
2019-11-19,64.46997833251953,64.88397475942296,64.2520858651198,64.859762843392,76167200
2019-11-20,63.71947479248047,64.41915285497815,63.0440012657513,64.28842176343723,106234400
2019-11-21,63.43378829956055,63.91799719185671,63.23283747173048,63.8405219958634,121395200
2019-11-22,63.378089904785156,63.71703458906695,63.15051117638738,63.57419387884962,65325200
2019-11-25,64.48936462402344,64.50631370965866,63.55726096383039,63.6032614028735,84020400
2019-11-26,63.985782623291016,64.68062116338305,63.55241361974907,64.62735789262125,105207600
2019-11-27,64.84524536132812,64.87914352574064,64.23272148942515,64.2980870213688,65235600
2019-11-29,64.70240783691406,64.88398615638155,64.37556538418444,64.54504143773039,46617600
2019-12-02,63.95431137084961,64.94451766882375,63.78241928287558,64.70725265179773,94487200
2019-12-03,62.81401443481445,62.833379543577195,62.048963340935856,62.53801176295598,114430400
2019-12-04,63.36841583251953,63.74852158896931,63.11178570880677,63.206209989944824,67181600
2019-12-05,64.298095703125,64.37315487896743,63.608103940788965,63.86473406321347,74424400
2019-12-06,65.54009246826172,65.61030482632285,64.71451542128803,64.75809983675708,106075600
2019-12-09,64.62250518798828,65.5618639881275,64.1358730136565,65.36818343702319,128042400
2019-12-10,65.00019073486328,65.38513583692486,64.36587101264504,65.02924208016003,90420400
2019-12-11,65.55461120605469,65.63450980225757,65.00503683196938,65.08008861116568,78756800
2019-12-12,65.72167205810547,65.98798843132002,64.71936347511442,64.83072945357088,137310400
2019-12-13,66.61502838134766,66.65134256594871,65.59334745340905,65.72166249795971,133587600
2019-12-16,67.75536346435547,67.98052627002482,67.0581086937624,67.06294812404012,128186000
2019-12-17,67.88848876953125,68.21774717351292,67.4986968832809,67.68512198087684,114158400
2019-12-18,67.72628784179688,68.24923427372028,67.5761842840897,67.74081351586915,116028400
2019-12-19,67.7940673828125,68.07490935666713,67.53502130548442,67.66817576216297,98369200
2019-12-20,67.65367889404297,68.43083223378363,67.44062576189711,68.32915248608661,275978000
2019-12-23,68.75765991210938,68.81818602118693,67.87881962615262,67.91755722257518,98572000
2019-12-24,68.8230209350586,68.97313188201366,68.49618587823406,68.92470804255196,48478800
2019-12-26,70.18848419189453,70.20543327232355,68.9271223959392,68.95617374042345,93121200
2019-12-27,70.161865234375,71.1714440213529,69.75513153983424,70.48144487513187,146266000
2019-12-30,70.57828521728516,70.86155066913318,69.05303016763328,70.07955065116069,144114400
2019-12-31,71.0939712524414,71.10123409050465,70.09407867790037,70.1933423903923,100805600
2020-01-02,72.7160873413086,72.77661346571647,71.46682724691692,71.72103401405282,135480400
2020-01-03,72.00914001464844,72.77176771569704,71.78398460177141,71.94135104985396,146322800
2020-01-06,72.5829086303711,72.62164622763687,70.87607527260708,71.12786596061405,118387200
2020-01-07,72.24154663085938,72.84922374466596,72.02123070618616,72.59259363206662,108872000
2020-01-08,73.40364074707031,73.70627127642481,71.94375136900179,71.94375136900179,132079200
2020-01-09,74.96279907226562,75.15647966923257,74.13238261481911,74.3841659131879,170108400
2020-01-10,75.13226318359375,75.69879404161257,74.62868922900458,75.19763610714092,140644800
2020-01-13,76.73741149902344,76.76404682603398,75.3307854721379,75.44942165682815,121532000
2020-01-14,75.70121002197266,76.88510420958616,75.57774178905865,76.6744745414686,161954400
2020-01-15,75.37680053710938,76.38395596192076,74.94343149157285,75.50027617412253,121923600
2020-01-16,76.32099914550781,76.43237250443956,75.5583716587375,75.92152830847965,108829200
2020-01-17,77.16594696044922,77.16836298058836,76.26289478458983,76.57036474816839,137816400
2020-01-21,76.64300537109375,77.23615682397768,76.50500406521856,76.79310894375465,110843200
2020-01-22,76.91658782958984,77.47100170840719,76.82216354627624,77.12963354237134,101832400
2020-01-23,77.2869873046875,77.3668785027068,76.42024944843635,76.96983114393875,104472000
2020-01-24,77.06426239013672,78.2796239983564,76.87299781703734,77.53394558679635,146537600
2020-01-27,74.79816436767578,75.48089322464955,73.81279759380895,75.06689673049003,161940000
2020-01-28,76.91416931152344,77.08606141566885,75.5825947326495,75.68185845150586,162234000
2020-01-29,78.524169921875,79.37395905172454,77.8075426954761,78.55080525794223,216229200
2020-01-30,78.41036224365234,78.46362551493233,77.17078871761717,77.60415772537527,126743200
2020-01-31,74.9337387084961,78.12224966790679,74.63837103116171,77.69856694811635,199588400
2020-02-03,74.72795867919922,75.89731989448796,73.16880546652003,73.67237945985059,173788400
2020-02-04,77.19499969482422,77.38626426505087,75.93121426303615,76.33794793595989,136616400
2020-02-05,77.824462890625,78.62582786926725,77.21920188630669,78.32561338698618,118826800
2020-02-06,78.73478698730469,78.73721039613278,77.53637437960353,78.09563507421905,105425600
2020-02-07,77.66455841064453,78.48238543817546,77.17192034743294,78.23242636976711,117684000
2020-02-10,78.033447265625,78.033447265625,76.1648229834898,76.24490381310511,109348800
2020-02-11,77.5626449584961,78.60374012100387,77.34423530217373,78.53093937088862,94323200
2020-02-12,79.40459442138672,79.40944533661985,78.01404068842541,78.01404068842541,113730400
2020-02-13,78.8391342163086,79.16675238353734,78.47026476188894,78.67411425559266,94747600
2020-02-14,78.85857391357422,79.10853308211342,78.34894633914121,78.8076059719462,80113600
2020-02-18,77.41461181640625,77.59662109183667,76.34924730268484,76.53125657811528,152531200
2020-02-19,78.53578186035156,78.76632988761132,77.65728500864738,77.65728500864738,93984000
2020-02-20,77.73008728027344,78.78574250032466,77.22288901629881,78.29553354521413,100566000
2020-02-21,75.97065734863281,77.76648785830864,75.35182886622782,77.32238114469776,129554000
2020-02-24,72.36202239990234,73.81809639904387,70.19004979476811,72.13876186738017,222195200
2020-02-25,69.91095733642578,73.41767156165426,69.4377377687625,73.03424203168211,230673600
2020-02-26,71.02001190185547,72.28922581008212,69.52753744829661,69.53481752247102,198054800
2020-02-27,66.37757873535156,69.40621629434781,66.24167904417651,68.21709029357726,320605600
2020-02-28,66.3387451171875,67.56427882911555,62.215630206085294,62.431618127058165,426510000
2020-03-02,72.51490783691406,73.15315476053108,67.39680886693866,68.50342446012388,341397200
2020-03-03,70.21190643310547,73.77443320656704,69.35767141404621,73.69435237651876,319475600
2020-03-04,73.46864318847656,73.6288122283086,71.13650139150472,71.93976834476976,219178400
2020-03-05,71.08553314208984,72.69448862777347,70.71908549659396,71.71649259248731,187572800
2020-03-06,70.14153289794922,70.57593051678296,68.24863907137488,68.43549929336439,226176800
2020-03-09,64.59387969970703,67.48660954634035,63.82458392757783,64.00659319733327,286744800
2020-03-10,69.24602508544922,69.51297346708441,65.37044115282052,67.25606172575357,285290000
2020-03-11,66.84110260009766,68.24621665992385,65.97473643741871,67.31675896743809,255598800
2020-03-12,60.24020767211914,65.52333058622261,60.18439253845632,62.11126440817364,418474000
2020-03-13,67.45750427246094,67.93073144161406,61.38567264424702,64.28326515957993,370732000
2020-03-16,58.7792854309082,62.873275496652674,58.242963182289955,58.716186517548486,322423600
2020-03-17,61.363807678222656,62.5165291423949,57.85466796109165,60.06547364033208,324056000
2020-03-18,59.86164093017578,60.66976261253334,57.54405525777932,58.18715696326524,300233600
2020-03-19,59.402957916259766,61.358949819871114,58.87634499628649,60.03635017539576,271857200
2020-03-20,55.631752014160156,61.113871383188844,55.33082863063687,59.98541147221811,401693200
2020-03-23,54.44990158081055,55.45216732173528,51.59599705960375,55.35024255701241,336752800
2020-03-24,59.912601470947266,60.109170897229895,56.859698759909456,57.35961698057595,287531200
2020-03-25,59.582557678222656,62.67186075528643,59.28648895944169,60.851767993758266,303602000
2020-03-26,62.71797561645508,62.77621621978865,59.786412185369784,59.825241722917845,252087200
2020-03-27,60.121299743652344,62.094277592448684,59.9538506329564,61.337120260245676,204216800
2020-03-30,61.8370361328125,62.0093398541759,60.52414183848412,60.849334516621546,167976400
2020-03-31,61.71084213256836,63.70080921944118,61.155108844211355,62.028754737466606,197002000
2020-04-01,58.46379852294922,60.35912091217952,58.03183020107801,59.82037323829742,176218400
2020-04-02,59.43938064575195,59.49277033542223,57.49066808175266,58.32548464424578,165934000
2020-04-03,58.585147857666016,59.62623930857482,57.99301040837071,58.92247157470053,129880000
2020-04-06,63.69596481323242,63.851275540137046,60.51929722354272,60.88816668017039,201820400
2020-04-07,62.95821762084961,65.93589399470639,62.853867417629125,65.71747694762487,202887200
2020-04-08,64.5696029663086,64.88508270225176,63.395037501230945,63.76147775323179,168895200
2020-04-09,65.03555297851562,65.54032952455171,64.2371442763535,65.20786042767898,161834800
2020-04-13,66.31205749511719,66.42126604167221,64.51137549316124,65.1132222675946,131022800
2020-04-14,69.66102600097656,69.95224385539356,67.47691431078215,67.95014147271534,194994800
2020-04-15,69.02520751953125,69.48629628080043,68.1030299969929,68.53256929355807,131154400
2020-04-16,69.57365417480469,69.94010189303526,68.52042803590564,69.74110330393147,157125200
2020-04-17,68.62962341308594,69.63674726381512,67.1881094519009,69.08829031254295,215250000
2020-04-20,67.2051010131836,68.35782638874939,67.18568994969831,67.45263835997193,130015200
2020-04-21,65.12776947021484,67.28276042085989,64.41429253639382,67.0473614677832,180991600
2020-04-22,67.00369262695312,67.44051199003249,66.0572457362962,66.39941670732112,116862400
2020-04-23,66.74402618408203,68.37482987612435,66.70519664308368,66.94787571984011,124814400
2020-04-24,68.67088317871094,68.68059241326806,67.22208912055947,67.27062788736906,126161200
2020-04-27,68.71942901611328,69.05189812563647,67.93800218832392,68.38695250061332,117087600
2020-04-28,67.60551452636719,69.3649373275059,67.51330272470628,69.18292807221569,112004800
2020-04-29,69.82603454589844,70.29683242001799,68.89414803177873,69.0979975124322,137280800
2020-04-30,71.2990951538086,71.47625350962926,69.97649890054853,70.36720857906009,183064000
2020-05-01,70.15123748779297,72.56103877053023,69.36981062017894,69.46688076275679,240616800
2020-05-04,71.14379119873047,71.27241079901312,69.4838673851674,70.17550415897956,133568000
2020-05-05,72.21156311035156,73.04637946818022,71.4592567243347,71.60486560646302,147751200
2020-05-06,72.95658874511719,73.58997737842726,72.52947133643356,72.9153300566067,142333600
2020-05-07,73.7113265991211,74.05836324243135,73.28178737986006,73.58513616899319,115215200
2020-05-08,75.46578216552734,75.51931637355732,74.04470105585122,74.3732060857613,133838400
2020-05-11,76.65325927734375,77.14965926401848,74.7625342106639,74.97180698726206,145946400
2020-05-12,75.7772445678711,77.79206581684177,75.65557660011677,77.3394571152635,162301200
2020-05-13,74.86229705810547,76.88198972405412,73.78188493945902,75.95730873840742,200622400
2020-05-14,75.32221984863281,75.38305384243762,73.37309631079928,74.0982401903213,158929200
2020-05-15,74.87691497802734,74.92314940994656,73.0518950634004,73.08596566629879,166348400
2020-05-18,76.64107513427734,77.01581451007397,75.51200038814163,76.20550920779705,135178400
2020-05-19,76.19820404052734,77.50734488883182,76.16656918671303,76.65810501038028,101729600
2020-05-20,77.68013763427734,77.75069971271533,77.02069186607584,77.05962650901947,111504800
2020-05-21,77.10100555419922,78.08408497746194,76.86253362412333,77.54144307709652,102688800
2020-05-22,77.597412109375,77.68014544919457,76.73600068439247,76.83819763463005,81803200
2020-05-26,77.07177734375,78.89922478600275,77.01580741696695,78.71915860786353,125522000
2020-05-27,77.4075927734375,77.55359582351838,76.1860490206754,76.92822809774341,112945200
2020-05-28,77.44166564941406,78.70457981685169,76.80412665218442,77.08152577208277,133560800
2020-05-29,77.36624145507812,78.14734786532948,77.00853727030466,77.68501099224073,153532400
2020-06-01,78.31768798828125,78.43935598036309,77.18860545726987,77.32000896800524,80791200
2020-06-02,78.68022918701172,78.70456426226943,77.60711697454131,78.04999009575558,87642800
2020-06-03,79.11339569091797,79.37620271806179,78.42718641851751,79.00146321507341,104491200
2020-06-04,78.43204498291016,79.23505064541881,78.05730554159499,78.93575218035002,87560400
2020-06-05,80.6658706665039,80.72670465644849,78.65348495250613,78.68268407951567,137250400
2020-06-08,81.14279174804688,81.17686234047467,79.6487130986334,80.36168554392373,95654400
2020-06-09,83.70513153076172,84.09933458379527,80.7899715861673,80.82160644800746,147712400
2020-06-10,85.85865020751953,86.32828677869298,84.2161326502249,84.65657009743241,166651600
2020-06-11,81.73653411865234,85.42550756039871,81.63433719073035,84.99966970000351,201662400
2020-06-12,82.44222259521484,84.63224629678102,81.32774713453523,83.88277478636243,200146000
2020-06-15,83.46179962158203,84.11637395651466,80.9286713541559,81.0917097169114,138808800
2020-06-16,85.6737060546875,85.9462485185203,83.88275727706606,85.52283897490148,165428800
2020-06-17,85.55449676513672,86.48160625971012,85.43282877449953,86.42077226439153,114406400
2020-06-18,85.58855438232422,86.00709250366052,84.97777878565866,85.51068509788405,96820400
2020-06-19,85.0994644165039,86.76388173016507,83.98741713778654,86.29668077862434,264476000
2020-06-22,87.32595825195312,87.46952555006234,85.44740469919928,85.49363911693206,135445200
2020-06-23,89.18993377685547,90.61345070235802,88.15332015682368,88.57429406296431,212155600
2020-06-24,87.61555480957031,89.7398806476171,87.24081531062652,88.81763517839552,192623200
2020-06-25,88.77870178222656,88.81763643178542,87.00965180666661,87.77129464423196,137522400
2020-06-26,86.0508804321289,88.89547786008215,85.90244166309822,88.67404128728082,205256800
2020-06-29,88.0340805053711,88.12898509123728,85.47905300682135,85.9584251297807,130646000
2020-06-30,88.76895904541016,89.05610113430572,87.60094935771706,87.62041296790133,140223200
2020-07-01,88.60105895996094,89.3919008846663,88.55239622020926,88.84683067288958,110737200
2020-07-02,88.60105895996094,90.14867963414797,88.4866981798334,89.51114056301097,114041600
2020-07-06,90.97113800048828,91.44077455841791,90.00265833546331,90.03429319420877,118655600
2020-07-07,90.68887329101562,92.13185365235528,90.57694083639849,91.35074735374833,112424400
2020-07-08,92.80104064941406,92.83267551468656,91.58192502451845,91.6695298380442,117092000
2020-07-09,93.20008850097656,93.75002260337047,92.14887559615345,93.69648840656866,125642800
2020-07-10,93.36314392089844,93.42154960385396,92.18053466189855,92.79373863774762,90257200
2020-07-13,92.93244934082031,97.29059783670382,92.71831248028391,94.67230019364084,191649200
2020-07-14,94.47032928466797,94.66255936029044,91.37509535164902,92.31193292486347,170989200
2020-07-15,95.12003326416016,96.60194849384463,93.91795292676309,96.35131273104463,153198000
2020-07-16,93.9495849609375,94.80856064892015,93.34854481035306,93.98851960775556,110577600
2020-07-17,93.75977325439453,94.55791486444917,93.2852651867788,94.40218371971898,92186800
2020-07-20,95.73566436767578,95.87436764626261,93.50184205095535,93.8473823794661,90318000
2020-07-21,94.41436004638672,96.60438386189568,94.16372428454169,96.52895030233236,103433200
2020-07-22,94.67957305908203,95.36334640624791,94.02743456995962,94.11503193744338,89001600
2020-07-23,90.37008666992188,94.48976162634358,89.55734566457981,94.4118923570118,197004400
2020-07-24,90.14624786376953,90.49178823352345,86.76874316858824,88.56213563459892,185438800
2020-07-27,92.28271484375,92.37518368443884,90.98817335217583,91.21203824708473,121214000
2020-07-28,90.76673889160156,92.02965297999799,90.76186742027873,91.852015075252,103625600
2020-07-29,92.50659942626953,92.69153713216036,91.21448607300921,91.2509849817971,90329200
2020-07-30,93.62596893310547,93.7306016389022,91.26804231777594,91.6768450469534,158130000
2020-07-31,103.427490234375,103.57835730015498,98.13736286091834,100.14245567270152,374336800
2020-08-03,106.03364562988281,108.66167105374215,105.01650308916155,105.31580157029778,308151200
2020-08-04,106.74176788330078,107.83677985490704,105.49831709401036,106.22346102857647,173071600
2020-08-05,107.12865447998047,107.44985972369943,105.99470803547494,106.46191633779561,121776800
2020-08-06,110.86629486083984,111.36270230609243,106.8707224953162,107.46202710488257,202428800
2020-08-07,108.34566497802734,110.84435557432207,107.54608428478957,110.38605796245164,198045600
2020-08-10,109.92044067382812,110.94185716723757,107.26085805079369,109.79611320774808,212403600
2020-08-11,106.65142059326172,109.68153802602951,106.390579904866,109.18180291672903,187902400
2020-08-12,110.19591522216797,110.45431580374148,107.5509582932633,107.74597507351805,165598000
2020-08-13,112.14610290527344,113.15289349736156,111.09055440270924,111.58054387716682,210082000
2020-08-14,112.04617309570312,112.13636854966511,110.23004849886146,111.97060352944233,165565200
2020-08-17,111.75362396240234,113.19677333095444,111.12468856587184,113.17239437524739,119561600
2020-08-18,112.68485260009766,113.11145831572809,111.1685737018232,111.50498397074077,105633600
2020-08-19,112.82624816894531,114.2450187969475,112.73117989850726,113.09440184356299,145538000
2020-08-20,115.3298110961914,115.44438550181255,112.85061914452253,112.86768515883944,126907200
2020-08-21,121.27303314208984,121.7581423853081,116.28052490809851,116.29271066660041,338054800
2020-08-24,122.72349548339844,125.57810257788931,120.85130757212758,125.4927725055599,345937600
2020-08-25,121.71670532226562,122.0628686712799,119.98834358364527,121.59238528346616,211495600
2020-08-26,123.37193298339844,123.83023059467142,121.96778837684518,123.03796284565955,163022400
2020-08-27,121.89710235595703,124.31047038391692,120.74891816931488,123.97650023718222,155552400
2020-08-28,121.69963073730469,123.29391171689831,121.47535476838321,122.87461898845491,187630000
2020-08-31,125.82672882080078,127.73792880610966,122.86243534022762,124.40309306090538,225702700
2020-09-01,130.83872985839844,131.44330113966103,127.279625733532,129.45409155934158,151948100
2020-09-02,128.1279754638672,134.54412730802744,123.837546725689,134.16383937386541,200119000
2020-09-03,117.86994934082031,125.63173549368389,117.49941444648104,123.74980180662752,257599600
2020-09-04,117.94795227050781,120.61972095191703,108.12870745933931,117.08011491662583,332607200
2020-09-08,110.01063537597656,116.02699258808728,109.87412215270822,111.11249423218894,231366600
2020-09-09,114.39859771728516,116.1732773411802,112.38989645051765,114.34009416642051,176940500
2020-09-10,110.66394805908203,117.49939194752987,109.69860244063993,117.36287872631232,182274400
2020-09-11,109.21106719970703,112.3606396431834,107.26086957114084,111.71707085483806,180860300
2020-09-14,112.48738098144531,113.04318691497308,109.99113081534341,111.86331843991984,140150100
2020-09-15,112.66290283203125,115.87097839483434,110.78096207450275,115.38342905287787,184642000
2020-09-16,109.33782196044922,113.11145686330157,109.25006664242188,112.36063408677491,154679000
2020-09-17,107.5924072265625,109.40609174489231,106.0029987247634,106.98785068006195,178011000
2020-09-18,104.17955780029297,108.11895805599245,103.44823366112779,107.65091477299849,287104900
2020-09-21,107.3388671875,107.44612864015869,100.53267495607115,101.93681947130294,195713800
2020-09-22,109.02580261230469,110.04965940474646,106.44179655031984,109.87414131002541,183055400
2020-09-23,104.45256805419922,109.31830814093878,104.1112775817434,108.84051189467765,150718700
2020-09-24,105.52518463134766,107.50463384194083,102.38536556375317,102.5511305606354,167743300
2020-09-25,109.48406982421875,109.64008917143079,104.9888646745863,105.72994169501956,149981400
2020-09-28,112.09734344482422,112.44837956504263,109.97162802324053,112.1461013546261,137672400
2020-09-29,111.24901580810547,112.43863750540089,110.74196771781253,111.69756779185069,99382200
2020-09-30,112.92618560791016,114.34008328098176,110.79072437109879,110.95648937570999,142675200
2020-10-01,113.88178253173828,114.78862465587767,112.94568863575778,114.71061497135939,116120400
2020-10-02,110.2056655883789,112.49715377159485,109.42559099443217,110.07890541970863,144712000
2020-10-05,113.59900665283203,113.74527295614752,110.72246825841832,111.07350441061017,106243800
2020-10-06,110.34217834472656,113.22846975785129,109.45483490950848,112.81892262806667,161498200
2020-10-07,112.2143783569336,112.67267601047055,111.28802997824441,111.76583377501191,96849000
2020-10-08,112.10711669921875,113.50150836130557,111.73657437259953,113.35524204497766,83477200
2020-10-09,114.05731964111328,114.08657141783722,112.05836391828292,112.40940011779863,100506900
2020-10-12,121.30229949951172,122.0628754189247,116.30979066521708,117.07036658463008,240226800
2020-10-13,118.08446502685547,122.26763983658118,116.67057472065251,122.15062530057422,262330500
2020-10-14,118.1722183227539,119.96639642799329,116.6413136031742,117.98694718210373,150712000
2020-10-15,117.70417022705078,118.18196653560398,115.20791978630072,115.76372578098064,112559200
2020-10-16,116.0562515258789,118.52325764594907,115.85148167833091,118.25997681380653,115393800
2020-10-19,113.09196472167969,117.42139843534454,112.77993339601544,116.97285386966553,120639300
2020-10-20,114.58386993408203,116.01726645875162,112.75067930305906,113.3064853596234,124423700
2020-10-21,113.95980834960938,115.75398671105492,113.55026116761503,113.76478411070397,89946000
2020-10-22,112.86766815185547,115.10064494149853,111.73655015280667,114.5253328724893,101988000
2020-10-23,112.17536163330078,113.64776283593191,111.43428449669388,113.49174346426179,82572600
2020-10-26,112.18511199951172,113.64776009630111,110.06914209886924,111.17100842634152,111850700
2020-10-27,113.6965103149414,114.35957774824622,111.68780931378838,112.61415013058482,92276800
2020-10-28,108.43096923828125,112.55563988990885,108.33346085906479,112.18510507312128,143937800
2020-10-29,112.44837951660156,114.01828898706523,109.40606895582341,109.57184138543087,146129200
2020-10-30,106.14923858642578,109.20129465261257,105.03762673155073,108.2944526194869,190272600
2020-11-02,106.06148529052734,107.9239274305086,104.64759511176818,106.39302272628981,122866900
2020-11-03,107.68990325927734,108.71375243491438,106.02248536802898,106.92932746040049,107624400
2020-11-04,112.08760070800781,112.71166332605715,109.55234539225575,111.29777308441078,138235500
2020-11-05,116.06600189208984,116.64131401748298,113.95979248109225,115.01289346688455,126387100
2020-11-06,115.93415832519531,116.4323113514343,113.43359348677035,115.57274661299846,114457900
2020-11-09,113.6191635131836,119.15750989185466,113.35543592706722,117.70210831549566,154515300
2020-11-10,113.27729797363281,114.85967848302198,111.48001699164712,112.86705172692065,138023400
2020-11-11,116.71556854248047,116.85231729677409,113.73639073565728,114.46897654176517,112295000
2020-11-12,116.44207000732422,117.7314207166171,115.81693072113664,116.84255382154495,103162300
2020-11-13,116.49091339111328,116.89138975772552,115.13318828954677,116.66673428315598,81581900
2020-11-16,117.50676727294922,118.18074115273141,115.40668645392178,116.15880460888832,91183000
2020-11-17,116.6178970336914,117.86817567185544,116.19788085503488,116.77418558958617,74271000
2020-11-18,115.2894515991211,117.0378903523821,115.26014936367629,115.85598632521067,76322100
2020-11-19,115.88529968261719,116.29554592271136,114.09778862645973,114.85967663013399,74113000
2020-11-20,114.6155014038086,116.01229880538133,114.5666668155957,115.88531993332893,73604300
2020-11-23,111.2065200805664,114.88898878015578,111.1088434668693,114.45920273719096,127959300
2020-11-24,112.49585723876953,113.16006856523981,109.9757606660811,111.2651186400355,113874200
2020-11-25,113.33589172363281,114.03917519557105,112.49585951573405,112.86704104383878,76499200
2020-11-27,113.88288879394531,114.76199315028312,113.52148460740729,113.86335645369218,46691300
2020-11-30,116.28579711914062,118.16121511006692,114.09780201081131,114.25409056951283,169410200
2020-12-01,119.87056732177734,120.60315308283555,117.22349166609008,118.20027268083436,127728200
2020-12-02,120.22220611572266,120.5054734972761,118.08305336151587,119.1868131981227,89004200
2020-12-03,120.08546447753906,120.90595698113327,119.37241103320297,120.65199182191449,78967600
2020-12-04,119.41148376464844,120.0073208033349,118.69843031675794,119.75335564285018,78260400
2020-12-07,120.87667083740234,121.6776311056693,119.41149906967625,119.47010355566562,86712000
2020-12-08,121.49202728271484,122.07810188882368,120.23197880317792,121.48226483759503,82225500
2020-12-09,118.952392578125,123.02556768253118,118.19050456748764,121.63854040920427,115089200
2020-12-10,120.37850189208984,120.99387876073847,117.3602518397124,117.70212373771251,81312200
2020-12-11,119.5677719116211,119.90964378868306,117.75095856237984,119.58730425363264,86939800
2020-12-14,118.952392578125,120.48593849632398,118.71796721767839,119.75335272421145,79184500
2020-12-15,124.9107437133789,124.9302835054043,121.2478151945667,121.45293829735053,157243700
2020-12-16,124.84239959716797,125.38939467047082,123.62142312836772,124.45169308895106,98208600
2020-12-17,125.71171569824219,126.57128777488863,125.06703664075737,125.90706892352664,94359800
2020-12-18,123.7190933227539,126.10244150708998,123.19163065315914,125.96569275411149,192541500
2020-12-21,125.25261688232422,125.33076114676192,120.58360513975681,122.11715093117222,121251600
2020-12-22,128.81790161132812,131.2891567050616,126.63966893622124,128.5541665300668,168904800
2020-12-23,127.91924285888672,129.35509717792385,127.7434145333038,129.09137704629174,88223700
2020-12-24,128.9058380126953,130.36124761308335,128.0560429940497,128.27093608684527,54930100
2020-12-28,133.51622009277344,134.1511218894807,130.41004823158806,130.87891392295424,124486200
2020-12-29,131.73843383789062,135.56741313736748,131.2207411586561,134.84460481779132,121047300
2020-12-30,130.61517333984375,132.83247066876245,130.30259622541593,132.43198683008825,96452100
2020-12-31,129.60906982421875,131.61147380180907,128.66159108708325,130.9667947818931,99116600
2021-01-04,126.40524291992188,130.50772046788387,123.81677157197642,130.419813747916,143301900
2021-01-05,127.96806335449219,128.6811241595061,125.44796678465465,125.8972925672046,97664900
2021-01-06,123.66047668457031,128.00715673158123,123.44558366599814,124.75447411900687,155088000
2021-01-07,127.88019561767578,128.57371684230972,124.89124746723652,125.37963807755663,109578200
2021-01-08,128.98394775390625,129.5504825827211,127.20619899060827,129.3551144383391,105158200
2021-01-11,125.98523712158203,127.14760915385074,125.51638631095634,126.19036773501121,100384500
2021-01-12,125.80940246582031,126.67873700583286,123.91444484041192,125.51636516935064,91951100
2021-01-13,127.850830078125,128.39782490616224,125.50656227096793,125.77028233874152,88636800
2021-01-14,125.91683959960938,127.95830826895903,125.77031351003957,127.76295505402753,90221800
2021-01-15,124.18793487548828,127.19642212299213,124.05118613262425,125.78985510810772,111598500
2021-01-19,124.8619155883789,125.7214876279719,123.99258110451602,124.81307355803929,90757300
2021-01-20,128.96441650390625,129.41374239946222,125.56522221027927,125.67266873501019,104319500
2021-01-21,133.6920166015625,136.42700650318062,130.48817597250854,130.69330654954064,120150900
2021-01-22,135.84097290039062,136.60286106793623,131.88500593536605,133.1157449203631,114459400
2021-01-25,139.60153198242188,141.72114486140973,133.36966473426315,139.74805806803522,157611700
2021-01-26,139.83596801757812,140.94949773337214,138.08752172506703,140.26575403148016,98390600
2021-01-27,138.76150512695312,140.94949991131097,137.14982245441175,140.0996903145117,140843800
2021-01-28,133.90692138671875,138.69315786113063,133.5259773426194,136.28050728033566,142621100
2021-01-29,128.8960723876953,133.5650860079,127.18670503999903,132.6762114100178,177523800
2021-02-01,131.025390625,132.2366043185905,127.88991734702876,130.64444666641413,106239800
2021-02-02,131.8556671142578,133.14501023071227,131.4844855801371,132.57847548555233,83305400
2021-02-03,130.83004760742188,132.61755859976557,130.50770809360628,132.6077812510319,89880900
2021-02-04,134.19992065429688,134.209683097199,131.46493128791656,133.13523310274124,84183100
2021-02-05,133.7842254638672,134.42986806612836,132.90381458934533,134.36139896230972,75693800
2021-02-08,133.9309539794922,133.97986900574796,131.98424937796673,133.07009728305556,71297200
2021-02-09,133.05055236816406,134.87987317918265,132.89404515329758,133.64727997223812,76774200
2021-02-10,132.4439697265625,134.00916036761174,131.47550633815231,133.51024820081062,73046600
2021-02-11,132.18968200683594,133.42226002186263,130.85927394263595,132.94291666374514,64280000
2021-02-12,132.42440795898438,132.58093001697634,130.78097113036387,131.42661342450694,60145100
2021-02-16,130.29188537597656,133.05051647602303,129.90058012743768,132.54184204307595,80576300
2021-02-17,127.99301147460938,129.3429884368885,126.65282647260507,128.39409374989066,97918500
2021-02-18,126.88760375976562,127.17128698603346,124.63764723542835,126.38869146538119,96856700
2021-02-19,127.04407501220703,127.86580828634322,125.99736555402731,127.40603410767358,87668800
2021-02-22,123.25833892822266,126.89739584310223,122.86704112148782,125.22459753272622,103916400
2021-02-23,123.12136840820312,123.95287146533934,115.81390958217581,121.0670645425184,158273000
2021-02-24,122.62247467041016,122.82790432920568,119.5703683530087,122.22139984991924,111039900
2021-02-25,118.35733795166016,123.70831567300634,117.91713263038818,121.96704845427313,148199500
2021-02-26,118.62147521972656,122.13335592343607,118.56277569973142,119.92252974269587,164560400
2021-03-01,125.00938415527344,125.14633726081128,120.11818049068046,121.05729069867618,116307900
2021-03-02,122.39747619628906,125.91914114090521,122.28986912474551,125.61588891931011,102260900
2021-03-03,119.40404510498047,122.97462478338886,119.18883097909638,122.09420675176463,112966300
2021-03-04,117.51603698730469,120.91053295934665,116.03889910024034,119.10078939752296,178155000
2021-03-05,118.77798461914062,119.28667396527544,115.01175939727409,118.3475637840084,153766600
2021-03-08,113.82807922363281,118.36711510668628,113.68134163784862,118.29863856177148,154376600
2021-03-09,118.45516204833984,119.4040567156157,116.20521293027855,116.43998860707968,129525800
2021-03-10,117.36931610107422,119.51165804272296,116.85084228896541,119.04210671169741,111943300
2021-03-11,119.30622863769531,120.52902944875325,118.62146316885641,119.87361000523832,103026500
2021-03-12,118.39646911621094,118.5334222152771,116.56716380866244,117.78018017041316,88105100
2021-03-15,121.29205322265625,121.30183771867131,117.79973448364598,118.76819807777808,92403800
2021-03-16,122.83768463134766,124.45178328205833,122.00618152746164,122.96485323576835,115227900
2021-03-17,122.04530334472656,123.12136654730853,119.67795534298575,121.35075339157471,111932600
2021-03-18,117.90734100341797,120.4996801450081,117.7019113683554,120.20620497298519,121229700
2021-03-19,117.37909698486328,118.787765950923,117.07584476265258,117.2910589061766,185549500
2021-03-22,120.70512390136719,121.17468273886081,117.64323308239008,117.71170963542201,111912300
2021-03-23,119.87361907958984,121.53662532316353,119.48232129775354,120.6464301462858,95467100
2021-03-24,117.4769058227539,120.22576688443581,117.45734429535013,120.14750584805427,88530500
2021-03-25,117.96605682373047,119.01278166529129,116.41065750337911,116.93890844143763,98844700
2021-03-26,118.57255554199219,118.8366847131395,116.3323834208923,117.731267934474,94071200
2021-03-29,118.74862670898438,119.91273541981596,118.10299178920243,119.00297135659957,80819200
2021-03-30,117.29106140136719,117.78018175127832,116.27369017794591,117.49649105272375,85671900
2021-03-31,119.4920883178711,120.8322731356612,118.5138477380496,119.00296802796035,118323800
2021-04-01,120.3236083984375,121.47793274502293,119.82470354215977,120.96925085519509,75089100
2021-04-05,123.1604995727539,123.41484423200751,120.39207673653289,121.17467224344372,88651200
2021-04-06,123.46376037597656,124.3637400471671,122.91594796105788,123.74745108038357,80171300
2021-04-07,125.11698150634766,125.13654303559613,122.417035203639,123.09202364516216,83466700
2021-04-08,127.52342987060547,127.55277589093346,125.72347096558431,126.14410720812901,88844600
2021-04-09,130.1060028076172,130.14512586474413,126.65281460393234,126.97563580060692,106686700
2021-04-12,128.3843231201172,129.95929134574504,127.78759565756825,129.63647010271666,91420000
2021-04-13,131.50489807128906,131.72990419313948,129.059296173719,129.5582085139557,91266500
2021-04-14,129.15713500976562,132.06251145593788,128.79519068086032,132.0038193946852,87222800
2021-04-15,131.57337951660156,132.06249988655176,130.73209188321647,130.90818297831848,89347100
2021-04-16,131.24078369140625,131.73968110440896,130.37992704769707,131.37773680047187,84922400
2021-04-19,131.90597534179688,132.5222717730815,130.4386142591335,130.60491339062307,94264200
2021-04-20,130.21359252929688,132.58093272949054,128.94187690393258,132.08203545204475,94812300
2021-04-21,130.59512329101562,130.8396834469913,128.44299690378307,129.4799295768372,68847100
2021-04-22,129.06907653808594,131.2309800623084,128.55061017652483,130.1451323202757,84566500
2021-04-23,131.3972625732422,132.1798429808979,129.28425964833707,129.28425964833707,78657500
2021-04-26,131.78855895996094,132.121157141495,130.65379641815227,131.89616601007668,66905100
2021-04-27,131.4657440185547,132.46355353704712,131.19183786473573,132.07224836961583,66015800
2021-04-28,130.6733856201172,132.0820545207044,130.18426530334483,131.38749710310995,107760100
2021-04-29,130.57557678222656,134.08747257107711,129.56798996025657,133.50052212496433,151101000
2021-04-30,128.59951782226562,130.65381415781053,128.21800457946676,128.91254705716273,109839500
2021-05-03,129.65602111816406,131.15274318306484,128.96147855172077,129.16690074814014,75135100
2021-05-04,125.06806945800781,128.6288723998823,123.9430911832169,128.3353972104989,137564700
2021-05-05,125.3126449584961,127.61150174498968,125.18546888553331,126.3887008180987,84000900
2021-05-06,126.9169692993164,126.92674633387438,124.36375269989001,125.10721781247982,78128300
2021-05-07,127.59307861328125,128.6219640145826,126.87773920490686,128.22021545550038,78973300
2021-05-10,124.30061340332031,126.93654567929129,124.26141641162498,126.8091685393895,88071200
2021-05-11,123.37950134277344,123.73225929039904,120.30260126371391,121.01793322731803,126142800
2021-05-12,120.30259704589844,122.13501696157893,119.79305116069399,120.91994025373684,112172300
2021-05-13,122.4583740234375,123.61465887026078,121.76264438757792,122.07621277945914,105861300
2021-05-14,124.8885269165039,125.31968625791376,123.32068496055011,123.71264731855359,81918000
2021-05-17,123.73225402832031,124.37899310292869,122.65436304670058,124.27120325716062,74244600
2021-05-18,122.34078979492188,124.43777993260704,122.27219693905593,124.01642168198467,63342900
2021-05-19,122.18402099609375,122.40939434000599,120.39079798085203,120.68477166324163,92612000
2021-05-20,124.7513427734375,125.15310625133428,122.58575987654723,122.71315194322682,76857100
2021-05-21,122.90912628173828,125.42747449402114,122.69354661378206,125.25109180897152,79295400
2021-05-24,124.54557800292969,125.36869980376578,123.40889524832689,123.4774881087248,63092900
2021-05-25,124.349609375,125.74107639005582,123.7812642192773,125.251117740315,72009500
2021-05-26,124.30061340332031,124.82976157711471,123.87925508767265,124.40840326146704,56575900
2021-05-27,122.76215362548828,125.07472355131192,122.56617616440937,123.89884383271658,94625600
2021-05-28,122.1056137084961,123.2716997185338,122.04682196885067,123.04631892312548,71311100
2021-06-01,121.78223419189453,122.8307291605157,121.44907105983727,122.56615887776788,67637100
2021-06-02,122.54658508300781,122.72296780445203,121.55688909562903,121.7822624487701,59278900
2021-06-03,121.05712890625,122.34079850429373,120.65536538181918,122.17421691048338,76229200
2021-06-04,123.35989379882812,123.62447159323195,121.36089230936066,121.57647200078277,75169300
2021-06-07,123.36969757080078,123.78125473088885,122.32120243854156,123.63426789483995,71057600
2021-06-08,124.19281005859375,125.8782506142176,123.67346305813653,124.05562434058848,74403800
2021-06-09,124.57495880126953,125.18250083132375,123.97721788610363,124.65335276825591,56877900
2021-06-10,123.57546997070312,125.61366838929395,123.40888838700712,124.4671771062987,71186400
2021-06-11,124.79056549072266,124.8787605916924,123.56568752658902,123.98704584529345,53522400
2021-06-14,127.8576431274414,127.91643487089928,124.51618029717535,125.2511069946426,96906500
2021-06-15,127.0345458984375,127.97525877663664,126.78957029967069,127.32851960738247,62746300
2021-06-16,127.53428649902344,128.25941963004072,125.87826406617567,127.74986621494416,91815000
2021-06-17,129.14132690429688,129.88606227566868,127.04433642829339,127.19133075522794,96721700
2021-06-18,127.83805084228516,128.86693621675641,127.62247115663257,128.0830263985157,108953300
2021-06-21,129.6410675048828,129.74885734783985,126.61317321470958,127.68126305266121,79663300
2021-06-22,131.28729248046875,131.38528868125076,128.97472269195052,129.47448238296937,74783600
2021-06-23,131.01290893554688,131.6204584103487,130.5523537483137,131.0815092601695,60214200
2021-06-24,130.72877502441406,131.9340507183845,130.25841113476253,131.74786688107946,68711000
2021-06-25,130.4347686767578,131.1990911159377,130.1407950573534,130.77774039141622,70783700
2021-06-28,132.07125854492188,132.5318139188506,130.6700051385488,130.72879689656085,62111300
2021-06-29,133.59010314941406,133.74689113033088,131.6499004799743,132.09085359319357,64556100
2021-06-30,134.20738220214844,134.64833510417853,133.13927767681804,133.43325126221063,63261400
2021-07-01,134.5111846923828,134.56997643445254,133.0315227403941,133.85465198573496,52485800
2021-07-02,137.14710998535156,137.18629949198788,134.9815196787238,135.12849901876004,78852600
2021-07-06,139.16574096679688,140.2730204949,137.25493430561346,137.25493430561346,108181800
2021-07-07,141.6644744873047,141.9780354300495,139.79285761414,140.6551614207794,104911600
2021-07-08,140.36119079589844,141.1647027920802,137.84283506741627,138.73454962161878,105575500
2021-07-09,142.193603515625,142.72274410487802,139.78303761495576,139.88103381213466,99890800
2021-07-12,141.59585571289062,143.37928474040953,141.10590465506056,143.27149490960213,76299700
2021-07-13,142.71298217773438,144.496411688261,140.7433837745926,141.13533874616226,100827100
2021-07-14,146.1523895263672,146.56396155860705,144.71193226988518,145.12350430212504,127050800
2021-07-15,145.49586486816406,146.98532030046908,144.1338014981312,146.24060006037655,106820300
2021-07-16,143.44789123535156,146.7501570666892,142.94814646554318,145.47629609045745,93251400
2021-07-19,139.58706665039062,141.17451839605775,138.82274412371135,140.8609425122298,121434600
2021-07-20,143.21270751953125,144.1436266165373,140.08683190917176,140.57678303301844,96350000
2021-07-21,142.47781372070312,143.19315329216263,141.7232995813488,142.60520582698703,74993500
2021-07-22,143.84967041015625,145.22152774257404,142.87956168443856,143.0069537767786,77338200
2021-07-23,145.57427978515625,145.73106773788473,143.96724064999466,144.58458386878672,71447400
2021-07-26,145.99560546875,146.8187195664772,144.73152350598792,145.29007482723583,72434100
2021-07-27,143.8202667236328,146.21123076065714,142.62478470512065,146.1230281888383,104818600
2021-07-28,142.0662078857422,144.01621852456796,139.67524427491423,141.89962631641336,118931200
2021-07-29,142.71298217773438,143.60469693299768,141.67428804616338,141.78207790616358,56699500
2021-07-30,142.9285430908203,143.38909834548167,141.21371414962817,141.4782919442919,70440600
2021-08-02,142.59536743164062,143.99662035248164,142.33078966013647,143.418481662853,62880000
2021-08-03,144.3983917236328,145.0647180561516,142.2621971091317,142.87954029235215,64786600
2021-08-04,143.9966583251953,144.8197727734675,143.3401254948741,144.310234278132,56368300
2021-08-05,144.10440063476562,144.86872307766274,143.23228836263334,144.0260066724019,46397700
2021-08-06,143.41748046875,144.36941102647455,142.9169869178482,143.62357485707724,54126800
2021-08-09,143.368408203125,143.96704478811583,142.8090348226229,143.47635955368153,48908700
2021-08-10,142.88754272460938,144.9582349617114,142.59312859632232,143.71189030419347,69023100
2021-08-11,143.14271545410156,143.98669476400684,142.81886136110603,143.32917826290446,48493500
2021-08-12,146.1162567138672,146.27327959158745,143.12307362087492,143.4665592940723,72282600
2021-08-13,146.32235717773438,146.65601957582584,145.50781781213945,146.19477421248263,59375000
2021-08-16,148.30470275878906,148.37340588044512,143.74133599773583,145.77276511297995,103296000
2021-08-17,147.3920440673828,148.8542765909534,146.31253048160323,147.43129230026292,92229700
2021-08-18,143.6333465576172,147.9121213324634,143.42725222182517,147.0092625234894,86326000
2021-08-19,143.96702575683594,145.24281019262168,141.808014005634,142.328139087416,86960300
2021-08-20,145.42930603027344,145.7335285086771,144.04556994347644,144.69327810851246,60549600
2021-08-23,146.92095947265625,147.39201304068925,145.13485827480818,145.54703201865243,60131800
2021-08-24,146.83265686035156,148.04956173285944,146.37141150401135,146.6658256638388,48606400
2021-08-25,145.5961456298828,147.5196386318628,145.04658047918204,147.01913003248887,58991300
2021-08-26,144.79139709472656,146.34196428288527,144.76195717766552,145.58631977895118,48597200
2021-08-27,145.8316650390625,145.97886462702738,144.0946350284485,144.73251987566385,55802400
2021-08-30,150.26739501953125,150.63051216360927,145.84142096189126,146.2241547276338,90956700
2021-08-31,149.00149536132812,149.95342601168736,148.47154686807323,149.816034730941,86453100
2021-09-01,149.6687774658203,152.09276327892812,149.5019463135424,149.9828231462415,80313700
2021-09-02,150.7875518798828,151.8376253671697,149.560838913159,151.00345455998809,71115500
2021-09-03,151.42547607421875,151.74933014670412,150.23801114177232,150.89552760123323,57808700
2021-09-07,153.7709503173828,154.33032373118607,151.51379510970494,152.08299181247767,82278300
2021-09-08,152.2203826904297,154.11442061539339,151.1114292056323,154.05554077983348,74420200
2021-09-09,151.19973754882812,153.20172648114232,151.08196292373444,152.59328165383056,57305700
2021-09-10,146.19473266601562,152.58344783541474,145.92975849599713,152.11239429112135,140893200
2021-09-13,146.76393127441406,148.5990889424979,145.9788320399669,147.82381299473937,102404300
2021-09-14,145.36058044433594,148.25563513558592,144.17313063309547,147.54904724190396,109296300
2021-09-15,146.25363159179688,146.65599705539884,143.64318269682568,145.79238629928224,83281300
2021-09-16,146.01808166503906,146.19473610738382,144.4773380668959,145.674611041655,68034100
2021-09-17,143.3389434814453,146.04753509048223,143.0445293968297,146.04753509048223,129868800
2021-09-20,140.277099609375,142.14169754222866,138.63821269534515,141.12107882598275,123478900
2021-09-21,140.75796508789062,141.9061817623882,140.1200802460814,141.24865034298253,75834000
2021-09-22,143.1328887939453,143.70207048798758,141.0229333023473,141.75896115358555,76404300
2021-09-23,144.09461975097656,144.33996235458966,142.92678656185444,143.9179652896226,64838200
2021-09-24,144.18296813964844,144.72272496973713,142.84830351185056,142.94644656260382,53477900
2021-09-27,142.66180419921875,143.24082409127374,141.14069212341911,142.75994722486152,74150700
2021-09-28,139.26626586914062,142.05335398733837,139.0503632005245,140.58129850560428,108972300
2021-09-29,140.1691436767578,141.7589590196526,139.38404431901697,139.81584971450067,74602000
2021-09-30,138.86390686035156,141.6902583077313,138.64800418175875,140.98367044588636,89056700
2021-10-01,139.99246215820312,140.2574363223273,136.5184180127203,139.25643446026405,94639600
2021-10-04,136.5478515625,139.56066532016914,135.69406426450567,139.11903674235856,98322000
2021-10-05,138.48121643066406,139.59017008432158,136.76381775087208,136.89140073036276,80861100
2021-10-06,139.35459899902344,139.50179857153668,135.79221959896122,136.87173304580557,83221100
2021-10-07,140.62057495117188,141.53325731976742,140.06120154260262,140.3948639248738,61732700
2021-10-08,140.23782348632812,141.49397639424066,139.90416114584096,141.34677682476803,58773200
2021-10-11,140.14950561523438,142.1122464318601,139.16813520692153,139.61957218353604,64452200
2021-10-12,138.8737335205078,140.58132357465212,138.41248818935148,140.56169197186182,73035900
2021-10-13,138.28492736816406,138.76578935248517,136.6067771440449,138.60878144560903,78762700
2021-10-14,141.08180236816406,141.19957699805144,138.87371898295444,139.46254720881987,69907100
2021-10-15,142.14169311523438,142.20057294661328,140.83646861307787,141.09163451508613,67940300
2021-10-18,143.8198699951172,144.10446089134766,140.49302413124795,140.77761502747842,85589200
2021-10-19,145.98867797851562,146.39104349887026,143.81985744353068,144.27127951188243,76378900
2021-10-20,146.4793701171875,146.96024710120312,145.3606082340626,145.9298049780422,58418800
2021-10-21,146.6952362060547,146.852259056455,145.1152293383939,146.0377198663419,61421000
2021-10-22,145.91995239257812,147.3821845567822,145.8708808826435,146.9013226931811,58883400
2021-10-25,145.8708953857422,146.5872915835432,144.86989338673706,145.91014361287867,50720600
2021-10-26,146.53822326660156,148.02989537029094,146.2339858890175,146.54803157896646,60893400
2021-10-27,146.07699584960938,146.9405916533393,145.72370189255298,146.57748938272076,56094900
2021-10-28,149.7276611328125,150.31647427805345,146.9307500257243,147.0288930371917,100077900
2021-10-29,147.00930786132812,147.14669913605402,143.6824623755483,144.47737010607145,124953200
2021-11-01,146.18495178222656,146.9111563462423,145.0465584432789,146.214391698361,74588300
2021-11-02,147.22518920898438,148.7463162991763,145.8807016001512,145.89052488768692,69122000
2021-11-03,148.66781616210938,149.13886978936398,147.02892929321277,147.5883026678542,54511500
2021-11-04,148.147705078125,149.59030601260565,147.83365931379845,148.7561500283499,60394600
2021-11-05,148.67837524414062,149.58255183119843,147.47935487956067,149.2778854264306,65463900
2021-11-08,147.8528289794922,148.96340074214248,147.5776454448072,148.80614872335738,55020900
2021-11-09,148.21646118164062,148.82579400908614,147.47935921435865,147.6169509817295,56787900
2021-11-10,145.3761749267578,147.54817551221967,145.30738653523977,147.4400666143663,65187100
2021-11-11,145.32704162597656,146.86021155645847,145.14030669919578,146.3983080486063,41000000
2021-11-12,147.4105987548828,147.81353650941713,144.94375410603553,145.8774137755265,63804000
2021-11-15,147.42041015625,149.26808409571646,146.86020539939403,147.78404236912726,59222800
2021-11-16,148.40321350097656,148.88479224149762,146.77175735607312,147.36144499767522,59256200
2021-11-17,150.8503875732422,152.33441420975052,148.39338089243975,148.40320352046666,88807000
2021-11-18,155.15504455566406,155.94128964959728,150.41794373346818,151.0665970606914,137827700
2021-11-19,157.7889862060547,158.250904703225,153.83811490964536,154.9388492026231,117305600
2021-11-22,158.25086975097656,162.85037845622662,158.23120950112138,158.89950803243053,117467900
2021-11-23,158.63417053222656,159.01746294460062,156.32457843434605,158.34914938157195,96041900
2021-11-24,159.15509033203125,159.3516478958434,156.89464085723944,157.98555258223482,69463600
2021-11-26,154.11326599121094,157.69066668554564,153.67100784147934,156.82581063613492,76959800
2021-11-29,157.48434448242188,158.41800425230127,156.05926825870964,156.62929574891805,88748200
2021-11-30,162.45729064941406,162.673508444908,157.1698072809554,157.23861066878493,174048100
2021-12-01,161.93638610839844,167.3712832030322,161.70050808933323,164.59977271543113,152052500
2021-12-02,160.94375610351562,161.3761916676954,155.08626072429414,156.01009761206393,136739200
2021-12-03,159.0567626953125,162.1231168797412,156.97322606716216,161.19928007401356,118023100
2021-12-06,162.47695922851562,164.99293189077792,161.4548359617341,161.46465859062198,107497000
2021-12-07,168.23614501953125,168.62927506471814,165.44498918240458,166.17226851871695,120405400
2021-12-08,172.069091796875,172.93396293794615,167.76441134011625,169.16982694435688,116998900
2021-12-09,171.55801391601562,173.71035393992497,170.9290208721844,171.9020008134574,108923700
2021-12-10,176.36392211914062,176.54083438380087,171.68578718034047,172.19684872711986,115402700
2021-12-13,172.71775817871094,178.99786706027314,172.51136300579722,178.00522669948663,153237000
2021-12-14,171.3319854736328,174.68334606426572,169.248448682449,172.23616209992724,139380400
2021-12-15,176.216552734375,176.41311030368223,169.34675546368476,172.0986064231299,131063300
2021-12-16,169.29759216308594,178.0248851678291,167.8135654456889,176.19687149781882,150185800
2021-12-17,168.19683837890625,170.48677026390172,166.77177759111154,167.0076406202552,195432700
2021-12-20,166.8307647705078,167.64649284258897,164.5801530989622,165.38604354598067,107499100
2021-12-21,170.01504516601562,170.22142533588615,166.21158850394502,168.60962950115896,91185900
2021-12-22,172.6195068359375,172.83572468126343,169.1895191954331,170.06421320738522,92135300
2021-12-23,173.24842834472656,173.8086329836517,172.2558031906658,172.82583045617022,68356600
2021-12-27,177.22879028320312,177.31723891588942,174.0248592849785,174.04450453910178,74919600
2021-12-28,176.20668029785156,178.2116060992947,175.45975568348982,177.0617287998104,79144300
2021-12-29,176.29515075683594,177.5236541153346,175.07647002650884,176.2460076232202,62348900
2021-12-30,175.1354522705078,177.4647050549678,175.02734336493052,176.38361599919477,59773000
2021-12-31,174.5163116455078,176.14775300143924,174.21163016090497,175.02735833706146,64062300
2022-01-03,178.8799591064453,179.73500786845727,174.65391842857707,174.77184998345479,104487900
2022-01-04,176.60963439941406,179.79392040563258,176.0396070589959,179.4892539814939,99310400
2022-01-05,171.91184997558594,177.07156425536837,171.6366664137079,176.5211971316123,94537600
2022-01-06,169.0420684814453,172.285320469028,168.68825890104756,169.73002738877994,96904000
2022-01-07,169.20912170410156,171.14524402422893,168.08872734087262,169.91674077523325,86709100
2022-01-10,169.2288055419922,169.53347199078678,165.27793434356843,166.17228843262194,106765600
2022-01-11,172.069091796875,172.1673630652104,167.88235785704865,169.35656184948618,76138300
2022-01-12,172.51133728027344,174.13295555388092,171.81355583992206,173.09118720876316,74805200
2022-01-13,169.2288055419922,173.5826144650006,168.835675449693,172.7570637657418,84505800
2022-01-14,170.09368896484375,170.79147055967272,168.14772861005764,168.39342931174855,80440800
2022-01-18,166.87991333007812,169.57278332194957,166.49662084966823,168.56049766865218,90956700
2022-01-19,163.3712921142578,168.13789130970082,163.0862859235723,167.07646257144611,94815000
2022-01-20,161.6808624267578,166.76195044943782,161.3565357449214,164.10838623013277,91420500
2022-01-21,159.6169891357422,163.46957389675498,159.50888023954428,161.59241715203612,122848900
2022-01-24,158.840576171875,159.50888984216238,152.03958291935942,157.26810076459748,162294600
2022-01-25,157.03219604492188,159.960943553215,154.31966630533267,156.24595097657829,115798400
2022-01-26,156.9437713623047,161.5629412237311,155.10593504422843,160.6882473882618,108275300
2022-01-27,156.48182678222656,161.02236986801861,155.55798996472078,159.65627489219415,121954600
2022-01-28,167.40078735351562,167.42044760669708,160.00028414870977,162.86024363325143,179935700
2022-01-31,171.7742462158203,171.9904639988434,166.59487204384064,167.23370276509192,115541600
2022-02-01,171.60720825195312,171.83324871111864,169.34675867115328,171.01752053648133,86213900
2022-02-02,172.81602478027344,172.8553452866124,170.34919537896823,171.74477342641566,84914300
2022-02-03,169.9265594482422,173.20913145041823,169.15997463841794,171.47938931840278,89418100
2022-02-04,169.64120483398438,171.32394513354754,167.9584645344212,168.94251932550307,82465400
2022-02-07,168.92283630371094,171.17631499855844,168.22415084791191,170.1036989608729,77251200
2022-02-08,172.04229736328125,172.55401004838063,168.69650213361186,168.9917215679186,74829200
2022-02-09,173.4691619873047,173.8332574227617,172.1111616910851,173.24283360976247,71285000
2022-02-10,169.37550354003906,172.68192819387235,168.8146001247778,171.36329839541398,90865900
2022-02-11,165.95101928710938,170.32022548644153,165.360580335394,169.58218430454045,98670700
2022-02-14,166.18722534179688,166.87606088900577,163.90421036763163,164.7012925733654,86185500
2022-02-15,170.03485107421875,170.19230347259372,167.53535806583648,168.2438788430367,62527400
2022-02-16,169.7986602783203,170.57605697053586,167.33852325607717,169.1098249151892,61177400
2022-02-17,166.18722534179688,169.16891100831373,165.78375915861423,168.30293774011466,69589300
2022-02-18,164.63238525390625,167.82071347120757,163.54008373100112,167.11220776829634,82772700
2022-02-22,161.69989013671875,164.03209518170536,159.5644780309518,162.3493548856938,91162800
2022-02-23,157.5176544189453,163.50069421366558,157.20274968475783,162.90042020266935,90009200
2022-02-24,160.1450958251953,160.25334246210673,149.5763410580208,150.14709468760051,141147500
2022-02-25,162.221435546875,162.48711952478297,158.30488673407692,161.22753061493847,91974200
2022-02-28,162.4871368408203,162.78235630766343,159.84002681342048,160.45998619224247,95056600
2022-03-01,160.59776306152344,163.94355886382843,159.38737969074035,162.0738454702056,83474400
2022-03-02,163.90415954589844,164.69140636238802,160.35172123734418,161.76876250392863,79724800
2022-03-03,163.57943725585938,166.21671212228483,162.91028714997404,165.78372557589515,76678400
2022-03-04,160.56820678710938,162.91026182459296,159.51527604524227,161.86716622434736,83737200
2022-03-07,156.7599334716797,162.38872815867046,156.5040696124171,160.75519357831982,96418800
2022-03-08,154.92958068847656,160.28284087725882,153.31573151528343,156.28758103481016,131148300
2022-03-09,160.3517303466797,160.80440217190915,156.8681828813347,158.9051685561548,91454900
2022-03-10,155.9923858642578,157.83256370946663,153.49287802702014,157.64559087729302,105342000
2022-03-11,152.26278686523438,156.7402389691296,152.03645847766137,156.39581380133617,96970100
2022-03-14,148.2183380126953,151.66253001815127,147.70664029732,149.035105347276,108732100
2022-03-15,152.6170654296875,153.08942257610076,147.98217542358523,148.4938731423045,92964300
2022-03-16,157.04530334472656,157.44876942008187,151.99711238572482,154.54581073699606,102300200
2022-03-17,158.0588836669922,158.4328293113158,155.1165693039783,156.08093884327653,75615400
2022-03-18,161.3653106689453,161.85733809568418,157.21259798603037,157.9506391261387,123511700
2022-03-21,162.74301147460938,163.69754597170976,160.41079104635503,160.90281851844856,95811400
2022-03-22,166.12815856933594,166.71858251121776,162.28050023380402,162.87092417568584,81532000
2022-03-23,167.49598693847656,169.88723307812018,164.9767938445975,165.31138391398235,98062700
2022-03-24,171.29441833496094,171.363294359729,167.49596638171184,168.33240391380366,90131400
2022-03-25,171.93408203125,172.48515040066314,169.99549257889427,171.10747947713025,80546200
2022-03-28,172.80003356933594,172.92795048627315,169.25743018713217,169.42471770580778,90371900
2022-03-29,176.10646057128906,176.15565130084448,173.52822668291532,173.8726518827145,100589400
2022-03-30,174.9354248046875,176.7460820205957,173.88247896845155,175.7029863422026,92633200
2022-03-31,171.82583618164062,175.19130232369773,171.61917803441048,175.00432947989117,103049300
2022-04-01,171.5305938720703,172.09151232886626,169.1983887454629,171.25505972274473,78751300
2022-04-04,175.5947723388672,175.64397809076996,171.6585524344424,171.78648438629216,76468400
2022-04-05,172.2686309814453,175.4569739407951,171.638836509714,174.66972709725982,73401800
2022-04-06,169.09011840820312,170.86141984516703,167.41722844598058,169.6116661902699,89058800
2022-04-07,169.3951873779297,170.5957353976524,167.14170856316215,168.43081790840108,77594700
2022-04-08,167.37789916992188,169.04095440141643,166.50209088425444,169.04095440141643,76575500
2022-04-11,163.10708618164062,166.33478478538393,162.8610724769926,166.0198950514866,72246700
2022-04-12,164.98663330078125,167.1613860255376,163.98289318870957,165.34089363354275,79265200
2022-04-13,167.68295288085938,168.31274743098942,164.11084372073287,164.72095296806577,70618900
2022-04-14,162.6544189453125,168.5390777375964,162.4084052337266,167.8994330781819,75329400
2022-04-18,162.4379425048828,163.9435452353402,160.9618602189061,161.30627040967605,69023900
2022-04-19,164.73077392578125,165.14409017149563,161.2964321500132,162.3887336211493,67723800
2022-04-20,164.56349182128906,166.18719136722032,163.45152002793873,166.06909457220715,67929800
2022-04-21,163.7664031982422,168.7949239860417,163.26454063992998,166.21670513338208,87227800
2022-04-22,159.21022033691406,165.1932753547798,158.92485105020066,163.80576949112535,84882400
2022-04-25,160.2828369140625,160.56820617483112,155.93331687209525,158.55089100434944,96046400
2022-04-26,154.29978942871094,159.75144619433357,154.22106324602348,159.66288486961668,95623200
2022-04-27,154.0734405517578,157.24208264457656,152.902413140149,153.42396089255732,88063200
2022-04-28,161.03073120117188,161.89670425341123,156.3958263617354,156.71073111363518,130216800
2022-04-29,155.13623046875,163.54990186297132,154.74261456190868,159.25942241026976,131747600
2022-05-02,155.4412841796875,155.70696813268697,150.8260653185069,154.21121582715463,123055300
2022-05-03,156.93704223632812,158.1474403507243,153.8274407389376,155.62824765941318,88966500
2022-05-04,163.37278747558594,163.82544428980776,156.7205671988061,157.12403328379716,108256500
2022-05-05,154.27029418945312,161.46373326041538,152.47930702556806,161.23740483289234,130525300
2022-05-06,154.99954223632812,157.12822726592017,151.94448418251287,153.74795219056614,116124600
2022-05-09,149.85520935058594,153.57055058807703,149.293481863643,152.68359108165603,131577900
2022-05-10,152.2696990966797,154.46737635991622,150.71260627459526,153.26506437118704,115366700
2022-05-11,144.3758544921875,153.1960828683304,143.6958565940324,151.27435948498825,142689800
2022-05-12,140.4929656982422,144.08018734631574,136.78748878802156,140.69992744454566,182602000
2022-05-13,144.9770050048828,145.95265608735048,141.03500230205145,142.49353909158592,113990900
2022-05-16,143.42977905273438,145.3810814533927,142.08949737035988,143.43964368471316,86643800
2022-05-17,147.0761260986328,147.5984402531948,144.5532317399834,146.7016310302499,78336300
2022-05-18,138.77821350097656,145.2233813560545,137.87153963890293,144.72078142086878,109742900
2022-05-19,135.35855102539062,139.60605738527047,134.6194253700737,137.85186703298902,136095600
2022-05-20,135.59503173828125,138.65993938193793,130.68724267872005,137.07328272324338,137426100
2022-05-23,141.03501892089844,141.1828380246541,135.65417798096212,135.79214749031698,117726300
2022-05-24,138.3248748779297,139.91153156082976,135.3388090457555,138.76834717267448,104132700
2022-05-25,138.4825897216797,139.73416502899576,136.3341899549977,136.4228814263728,92482700
2022-05-26,141.69528198242188,142.2471599393567,135.1515582804655,135.3979334424933,90601500
2022-05-27,147.47030639648438,147.50971980321964,143.15380903801713,143.28192892561134,90978500
2022-05-31,146.6819305419922,148.47554915584195,144.71092900811684,146.90860654542266,103718400
2022-06-01,146.5537872314453,149.53985256911304,145.53870787317794,147.72652020499015,74286600
2022-06-02,149.01756286621094,149.07669050037924,144.73062893844732,145.68656579095972,72348100
2022-06-03,143.27207946777344,145.82452236693706,142.36542073655667,144.77002952584698,88570300
2022-06-06,144.02105712890625,146.41583140720172,142.799030970996,144.89815206168706,71598400
2022-06-07,146.5537872314453,146.83957576238276,142.01062928588593,142.257004413004,67808200
2022-06-08,145.814697265625,147.69699226544608,145.3219468917094,146.42570291726497,53950200
2022-06-09,140.57180786132812,145.80481374848975,140.4634021916062,144.94743302094574,69473000
2022-06-10,135.14170837402344,138.71906549283727,135.07271611079338,138.2460293933542,91437900
2022-06-13,129.9678192138672,133.23967326736573,129.5341965596281,130.94345514835987,122207100
2022-06-14,130.83506774902344,131.94868835400084,129.57362805380447,131.19971323419813,84784300
2022-06-15,133.46633911132812,135.3486488673454,130.24376297463832,132.34286902822936,91533000
2022-06-16,128.17420959472656,130.47042786825955,127.16899474112004,130.16492507881696,108123900
2022-06-17,129.6524658203125,131.15043105016284,127.92783964673345,128.18407944512376,134520300
2022-06-21,133.89996337890625,135.07271151353063,131.3869488476208,131.48548988632155,81000500
2022-06-22,133.3875274658203,135.76257275465719,131.96840403366457,132.8356344352228,73409200
2022-06-23,136.26519775390625,136.58055018558431,133.66347628298064,134.83622462315083,72433800
2022-06-24,139.6060333251953,139.85240850117333,137.7434375963034,137.87154246227976,89116800
2022-06-27,139.6060333251953,141.4095014178601,138.9260354334884,140.63094744074303,70207900
2022-06-28,135.4472198486328,141.34050987783795,135.32896457557,140.06922057977073,67083400
2022-06-29,137.2112579345703,138.63038134531047,134.6883785543866,135.46693252662052,66242400
2022-06-30,134.73764038085938,136.36371032139607,131.83041667995218,135.25995448479154,98964500
2022-07-01,136.91558837890625,137.02399404422195,133.69301230892643,134.06749230384347,71051600
2022-07-05,139.50747680664062,139.5567548491927,134.94460374967946,135.77243576693132,73353800
2022-07-06,140.84774780273438,142.03034554759492,139.03443025811183,139.30051963790794,74064300
2022-07-07,144.22802734375,144.42512446788226,141.20253310502923,141.21238269809453,66253700
2022-07-08,144.90802001953125,145.41063501342293,142.89760515660754,143.15382993164704,64547800
2022-07-11,142.7694854736328,144.51382597051048,141.69529329047643,143.55788906254995,63141600
2022-07-12,143.74513244628906,146.29757564571045,142.946879286725,143.6465763614465,77588800
2022-07-13,143.38052368164062,144.32659607398423,140.05937560083458,140.91677156348607,71185600
2022-07-14,146.31729125976562,146.79032738889836,141.17297636311127,141.99094375492155,78140700
2022-07-15,147.99266052246094,148.67265851350987,146.0512226491225,147.60831579328757,76259900
2022-07-18,144.93756103515625,149.37231314080057,144.57291563649574,148.55434594792092,81420900
2022-07-19,148.8106231689453,149.0372841460399,144.7799284417916,145.77527885211921,82982400
2022-07-20,150.82098388671875,151.49113201950726,148.18969946119495,148.92882480670872,64823400
2022-07-21,153.09751892089844,153.3143302483906,149.73695838231532,152.25983742490192,65086600
2022-07-22,151.8557891845703,154.01403798046638,151.18565597102892,153.13694301712763,66675400
2022-07-25,150.7323455810547,152.79203866083077,150.07206184417882,151.77697403156125,53623900
2022-07-26,149.40191650390625,150.87030296581528,148.61351291334188,150.05233555639018,55138700
2022-07-27,154.5166473388672,155.04882613514658,149.95378934695273,150.36769783431046,78620700
2022-07-28,155.0685272216797,155.35431578247076,152.17115301810267,154.70388176992367,81378700
2022-07-29,160.1536865234375,161.2574573481273,157.18733532671283,158.90211167106582,101786900
2022-08-01,159.168212890625,161.2180561543135,158.55720726769144,158.6754625398599,67829400
2022-08-02,157.68997192382812,160.0551827813026,157.31549185882793,157.77867842117527,59907000
2022-08-03,163.72122192382812,164.17454378554137,158.4192238049961,158.5079152513036,82507500
2022-08-04,163.4058837890625,164.76587969298566,162.04588788513934,163.60298093980023,55474100
2022-08-05,163.17886352539062,163.67229823207953,160.85971438057993,161.06696358309944,56697000
2022-08-08,162.70516967773438,165.60656841764427,162.04396891961866,164.18547392802034,60276900
2022-08-09,162.75453186035156,163.6427235312398,161.10646144310655,161.86635524789833,63135500
2022-08-10,167.01780700683594,167.11648492615134,164.70852083002953,165.47827786948693,70170500
2022-08-11,166.2776641845703,168.74483818248612,165.9816002931334,167.8270416248752,57149200
2022-08-12,169.8402557373047,169.9093287754835,167.17569590306383,167.59019436587388,68039400
2022-08-15,170.91595458984375,171.11332550526615,169.10011807446065,169.26788410549148,54091700
2022-08-16,170.75804138183594,171.42912052331732,169.40603488259293,170.5113239880509,56377100
2022-08-17,172.25808715820312,173.83706944158646,170.3040896179902,170.50146052110878,79542000
2022-08-18,171.8633270263672,172.60347919281742,170.84685258911696,171.46858522763415,62290100
2022-08-19,169.2678985595703,171.45875054224155,169.06064929269627,170.75806641545842,70346300
2022-08-22,165.36972045898438,167.629644866865,164.94535876639668,167.4618788678898,69026800
2022-08-23,165.03419494628906,166.49477276056035,164.46180878530728,164.88617053329148,54147100
2022-08-24,165.33026123046875,165.90264739975865,164.06706935977206,165.12302704926418,53841500
2022-08-25,167.79742431640625,167.9059805666135,166.13949074062336,166.56383740879377,51218200
2022-08-26,161.47161865234375,168.8040684970926,161.41240887853596,168.33037524819332,78961000
2022-08-29,159.2610321044922,160.76106316026429,157.72151782921043,159.03404123840198,73314000
2022-08-30,156.82347106933594,160.42553952970596,155.64909369131306,160.0011927774789,77906200
2022-08-31,155.15562438964844,158.47150652042689,155.07667302243541,158.2050475383872,87991100
2022-09-01,155.8859405517578,156.33989216971713,152.6391308869704,154.5832653521816,74229900
2022-09-02,153.76416015625,158.25442014549628,152.93519325134068,157.6524290472663,76957800
2022-09-06,152.50096130371094,155.02734512371137,151.67199443622994,154.41549077748996,73714800
2022-09-07,153.9121856689453,154.61285463504657,151.59303614241935,152.78715495485997,87449600
2022-09-08,152.43190002441406,154.30694642534044,150.6752581099915,152.6095293418246,84923800
2022-09-09,155.3036651611328,155.74776853082003,152.71807161072002,153.42861893209738,68028800
2022-09-12,161.28407287597656,162.10317635640433,157.2083121383532,157.49449766359504,104956000
2022-09-13,151.82000732421875,158.4320302699307,151.35617743298022,157.80043436290458,122656600
2022-09-14,153.270751953125,155.03725739382716,151.5930762421535,152.75757542159582,87965400
2022-09-15,150.36927795410156,153.20160322670174,149.3922869355609,152.6193388661297,90481100
2022-09-16,148.72125244140625,149.36272674550892,146.4218443622924,149.22456559759132,162278800
2022-09-19,152.4516143798828,152.530565756339,147.142266074514,147.34950026158054,81474200
2022-09-20,154.83982849121094,156.00434240653766,151.06999458899193,151.3857850189289,107689800
2022-09-21,151.7015838623047,156.65567307047792,151.58316433856976,155.2740467070239,101696800
2022-09-22,150.73448181152344,152.44176215818038,148.9285084725313,150.37920812092767,86652500
2022-09-23,148.4547882080078,149.48114103515752,146.60934685596038,149.20481874902532,96029900
2022-09-26,148.7903289794922,151.750937683408,147.67516154898482,147.69490315670595,93339400
2022-09-27,149.76731872558594,152.68845924345578,147.98108723466274,150.7344617346572,84442700
2022-09-28,147.87254333496094,148.66204205913598,142.9381951319115,145.70143313730634,146691400
2022-09-29,140.60916137695312,144.7934934551737,138.83279327495222,144.18163918720862,128138200
2022-09-30,136.38536071777344,141.22103026133098,136.1879898311541,139.42492055869818,124925300
2022-10-03,140.57958984375,141.19145931529042,135.8820953561044,136.39527183139853,114311700
2022-10-04,144.18167114257812,144.30009068947933,142.36581942561767,143.125713321253,87830100
2022-10-05,144.4777069091797,145.44484998263232,141.13221948664446,142.17831393701783,79471000
2022-10-06,143.52044677734375,145.60274235287363,143.31321258240413,143.895462065149,68402200
2022-10-07,138.2505645751953,141.22105183590455,137.61896860646343,140.6683921871329,85925600
2022-10-10,138.57620239257812,140.02690164719857,136.75050299743356,138.57620239257812,74899000
2022-10-11,137.15512084960938,139.49401183769913,136.40510543994947,138.06303899554518,77033700
2022-10-12,136.52354431152344,138.51702522883681,136.3459150018641,137.3031797708572,70433700
2022-10-13,141.1124725341797,141.70458518782445,132.60564736672077,133.2175166847836,113224000
2022-10-14,136.5630340576172,142.62241342006476,136.37552640505737,142.4151641571206,88598000
2022-10-17,140.54010009765625,141.02365655306738,138.4281998048671,139.21769847828358,85250900
2022-10-18,141.8625030517578,144.77376532008952,138.76373315265158,143.57966155321216,99136600
2022-10-19,141.97103881835938,143.04672289831205,139.64202632814627,139.82953393185838,61758300
2022-10-20,141.50723266601562,143.97440668910568,140.77694373414428,141.14209572929755,64522000
2022-10-21,145.33628845214844,145.90867462024406,140.7769407155068,140.99405322955806,86548600
2022-10-24,147.48765563964844,148.2574127069579,144.08295860217441,145.25733581108966,75981900
2022-10-25,150.3397216796875,150.48776116501867,147.39885428402872,148.1192649256449,74732300
2022-10-26,147.3889617919922,149.99429659795183,146.09615013348827,148.97782224560154,88194300
2022-10-27,142.898681640625,147.09287628270366,142.2374809981796,146.12574855806736,109180200
2022-10-28,153.695068359375,155.4319533375391,145.87906336998515,146.25406355734995,164762400
2022-10-31,151.3265838623047,152.2147755550462,149.92523080942135,151.1489545588176,97943200
2022-11-01,148.67189025878906,153.40886706506188,147.17185939924275,153.0437301537615,80379300
2022-11-02,143.1256866455078,150.1719344831505,143.09608176430027,146.9942133937789,93604600
2022-11-03,137.0564422607422,140.92496892991684,136.92814440584334,140.19468007204958,97918500
2022-11-04,136.78956604003906,141.03025327243037,132.83553912246873,140.45691755937278,140814800
2022-11-07,137.32333374023438,137.55068603269024,134.11068732115655,135.5341392248018,83374600
2022-11-08,137.8966827392578,139.80449340378325,135.90978972981833,138.79622744381308,89908500
2022-11-09,133.31988525390625,136.95759752003397,133.0431046023265,136.90816917152026,74917800
2022-11-10,145.1819610595703,145.1819610595703,137.89667216677097,139.61667909909517,118854000
2022-11-11,147.97946166992188,148.28589635779667,142.71071873245964,144.14406562748653,93979700
2022-11-14,146.5757598876953,148.5527731206919,145.73552323030617,147.25783186642536,73374100
2022-11-15,148.31553649902344,151.82473825025608,146.85255082741247,150.47048891741846,89868300
2022-11-16,147.0798797607422,148.14746862169088,145.5971199677711,147.4159834438759,64218300
2022-11-17,148.98773193359375,149.73899160011717,144.47024904717685,144.747029718181,80389400
2022-11-18,149.5511474609375,150.94494529919749,148.24632667446954,150.5594283528078,74829600
2022-11-21,146.30886840820312,148.6417447784354,146.02220810744817,148.43416682216127,58724100
2022-11-22,148.4539337158203,148.69118076144065,145.24128683803002,146.42750698271593,51804100
2022-11-23,149.33372497558594,150.08498469071404,147.62359740352187,147.73233375155243,58301400
2022-11-25,146.40771484375,147.16886915801885,145.4290878682615,146.6054131493823,35195900
2022-11-28,142.5624237060547,144.95460787890806,141.73208177830335,143.47184797217477,69246000
2022-11-29,139.54750061035156,143.1456646936347,138.73693289245665,142.6316369436181,83763800
2022-11-30,146.32864379882812,147.01071582680532,138.9346179969114,139.7748396315525,111380900
2022-12-01,146.60540771484375,147.4159903463265,144.92494955414173,146.50656610739853,71250400
2022-12-02,146.1111602783203,146.29897894842466,143.9759823709456,144.28243209151336,65447400
2022-12-05,144.94476318359375,149.1854509024183,144.09464669546585,146.0716603810268,68826400
2022-12-06,141.26748657226562,145.60703008872727,140.28885957535718,145.3796777864446,64727200
2022-12-07,139.32012939453125,141.72219330934035,138.39093073198447,140.55576270463825,69721100
2022-12-08,141.01048278808594,141.87049392300491,139.47830938217072,140.72382246539036,62128300
2022-12-09,140.526123046875,143.89693468072133,139.28059488984613,140.70404702164143,76097000
2022-12-12,142.82933044433594,142.83921008074833,139.4387448115005,141.0598951045821,70462700
2022-12-13,143.79806518554688,148.24634516014598,142.58220621584587,147.78174582279246,93886200
2022-12-14,141.56405639648438,144.97440162134333,139.53761456960953,143.67946020964052,82291200
2022-12-15,134.93116760253906,140.17025624774567,134.46656823635524,139.48818419596876,98931900
2022-12-16,132.96401977539062,136.06792995299983,132.19298581991796,135.1189720463015,160156900
2022-12-19,130.8486328125,133.64610870665976,129.81071279854106,133.55714671976315,79592600
2022-12-20,130.77944946289062,131.71852788327385,128.3971445130494,129.87990467683858,77432800
2022-12-21,133.89320373535156,135.23757319201226,131.22423917558152,131.45159144947942,85928000
2022-12-22,130.71023559570312,133.01345799694343,128.80242492111796,132.8058800384377,77852100
2022-12-23,130.34449768066406,130.8980590346716,128.150011539123,129.4152989435447,63814900
2022-12-27,128.53549194335938,129.8996356652832,127.2405509126804,129.8699816785815,69007800
2022-12-28,124.59138488769531,129.52403118980348,124.4233405593597,128.17966147970347,85438400
2022-12-29,128.12033081054688,128.9803266572618,126.26194126578521,126.51894753125764,75703700
2022-12-30,128.4366455078125,128.45641986166103,125.9653867378923,126.93412645040064,77034200
2023-01-03,123.63252258300781,129.39551044224086,122.74286511723291,128.7826411649236,112117500
2023-01-04,124.90769958496094,127.18126787275598,123.64241229292817,125.4316068972832,89113600
2023-01-05,123.58309173583984,126.30148488412831,123.32608545003059,125.66884126386319,80962700
2023-01-06,128.1302032470703,128.79250076902682,123.45457188803941,124.56170184454875,87754700
2023-01-09,128.6541290283203,131.87667022454877,128.39712274020837,128.9704583829939,70790800
2023-01-10,129.22744750976562,129.75135473588205,126.64744500156075,128.76284825892097,63896200
2023-01-11,131.9557647705078,131.9755240444425,128.9605906771462,129.74150433319187,69458900
2023-01-12,131.87669372558594,132.71691544226815,129.9293341536629,132.3412931209229,71379600
2023-01-13,133.21116638183594,133.36933108444634,130.14680445669435,130.51254713349172,57809700
2023-01-17,134.37757873535156,135.7120534872366,132.58838434758803,133.28033589487055,63646600
2023-01-18,133.65597534179688,137.01689153014115,133.47803632197883,135.24747146776636,69672800
2023-01-19,133.7152862548828,134.6840184578663,132.23252641864943,132.5389610381249,58280400
2023-01-20,136.285400390625,136.4336854309728,132.67735732670167,133.72517191147224,80223600
2023-01-23,139.48818969726562,141.67279627654958,136.3150763566329,136.5325490508029,81760300
2023-01-24,140.89186096191406,141.514625019409,138.6874952095744,138.69737484670043,66435100
2023-01-25,140.2295684814453,140.79300948686725,137.21461987031523,139.2707157250627,65799300
2023-01-26,142.305419921875,142.59208020551668,140.26908361074402,141.52449124388164,54105100
2023-01-27,144.25277709960938,145.53783884062292,141.43554202324185,141.51462437013356,70555800
2023-01-30,141.3564453125,143.87714018615392,141.208175354279,143.29392490593287,64015300
2023-01-31,142.63162231445312,142.68105066516867,140.64472931637368,141.05990031223737,65874500
2023-02-01,143.75852966308594,144.9249754734958,139.69578139358237,142.31531825228282,77663600
2023-02-02,149.0865936279297,149.44244157391893,146.46704171932092,147.18864741549214,118339000
2023-02-03,152.72427368164062,155.571177590554,146.13093629775682,146.32863460622823,154357300
2023-02-06,149.98609924316406,151.34036351523568,149.0470210083263,150.8164562342184,69858300
2023-02-07,152.87255859375,153.4458943027817,148.9086520667493,148.9086520667493,83322600
2023-02-08,150.17393493652344,152.80336635897712,149.43255491704016,152.11141469080906,64120100
2023-02-09,149.135986328125,152.55622581029445,148.69116137357645,152.0125441621068,56007100
2023-02-10,149.5023193359375,149.82902644753565,147.73019724066455,147.9678065326758,57450700
2023-02-13,152.31398010253906,152.71987521484465,149.41322512989285,149.44292440380676,62199000
2023-02-14,151.67042541503906,152.2347417014366,149.35379194828116,150.60120648274088,61707600
2023-02-15,153.7791748046875,153.94747569846558,151.3536388197947,151.58133825179516,65573800
2023-02-16,152.17535400390625,154.76919088525318,151.8189476677602,151.97733873436857,68167900
2023-02-17,151.02694702148438,151.47245120963535,149.34392280711089,150.8289468385779,59144100
2023-02-21,146.99754333496094,149.7893951720759,146.92825008356576,148.70037173778798,58867200
2023-02-22,147.4232635498047,148.45287338487984,145.6907358158214,147.383654456277,51011300
2023-02-23,147.90835571289062,148.83897298969475,145.76993304792467,148.59146903762738,48394200
2023-02-24,145.2452392578125,145.720442659753,144.26511807901926,145.64123957502227,55469600
2023-02-27,146.44317626953125,147.68069636554856,145.97786750491304,146.23528135301038,44998500
2023-02-28,145.93824768066406,147.59157242356576,145.36403664496177,145.58184135182967,50547000
2023-03-01,143.85922241210938,145.76005131760687,143.56221459109048,145.3640509605452,55479000
2023-03-02,144.45323181152344,145.24524759786468,142.46329007120497,142.93850860687647,52238100
2023-03-03,149.52210998535156,149.6013130753249,145.85905393614254,146.56195681168307,70732300
2023-03-06,152.2941436767578,154.7394840935164,151.92784263752011,152.2545345821982,87558000
2023-03-07,150.08639526367188,152.49212630946155,149.62108664794076,152.16541929587746,56182000
2023-03-08,151.34371948242188,151.93773504020743,150.31410963622918,151.28432094793195,47204800
2023-03-09,149.0865020751953,152.99706215582498,148.73009571987657,152.02685072996366,53833600
2023-03-10,147.0173797607422,149.43302127956616,146.1362661024609,148.7103138108838,68572400
2023-03-13,148.9676971435547,151.6110378452132,146.2253488070177,146.33425116280637,84457100
2023-03-14,151.0665283203125,151.86843881288326,148.60139830336453,149.7696098588517,73695900
2023-03-15,151.46253967285156,151.71993837140982,148.42318357477492,149.68050801163758,77167900
2023-03-16,154.2939910888672,154.89790141964556,150.1260173130943,150.64082983435895,76161100
2023-03-17,153.45248413085938,155.17511745555205,152.7396713831552,154.52170325241562,98944600
2023-03-20,155.82850646972656,156.24432646768744,152.6109545912959,153.5217825705538,73641400
2023-03-21,157.6897430419922,157.80854012474336,154.97709383642948,155.7493201936468,73938300
2023-03-22,156.25421142578125,160.52117754091816,156.2344068779623,157.70953600837723,75701800
2023-03-23,157.3432159423828,159.93706781022715,156.10569609721924,157.24422341863578,67622100
2023-03-24,158.65005493164062,158.73915274100096,156.27402271003157,157.27393337455686,59196500
2023-03-27,156.69973754882812,159.1648829259014,156.2938273470206,158.34316780021032,52390300
2023-03-28,156.0760040283203,156.9076288835252,154.42267925169685,156.3928163743877,45992200
2023-03-29,159.1648712158203,159.44207447801494,157.75905035570605,157.77883979840226,51305700
2023-03-30,160.73899841308594,160.84790077737682,159.659884598305,159.9172833200629,49501700
2023-03-31,163.25363159179688,163.35263923391068,160.29349343380431,160.8182007028279,68749800
2023-04-03,164.5109405517578,164.62973762588464,162.5804125649775,162.62991638134497,56976200
2023-04-04,163.9763641357422,165.17427510350078,163.46155155698554,164.936680918264,46278300
2023-04-05,162.12501525878906,163.40214436262949,160.18459235196994,163.09524181864398,51511700
2023-04-06,163.0160369873047,163.3130448064106,160.38259082111486,160.80829044689202,45390100
2023-04-10,160.4122772216797,160.4122772216797,158.48174921205518,159.80836691031573,47716900
2023-04-11,159.19454956054688,160.73897184874764,158.9074365082997,160.7290771287002,47644200
2023-04-12,158.50157165527344,160.44199460478865,158.18475927615913,159.61038476928212,50133100
2023-04-13,163.9070587158203,164.1446680117871,159.80839277568336,160.0163027979601,68445600
2023-04-14,163.56056213378906,164.65948057952454,162.18444039601638,162.94674189589546,49386500
2023-04-17,163.580322265625,163.73872843453088,162.39230621171848,163.4417206444433,41516200
2023-04-18,164.8079833984375,165.7386009608918,163.9961629353784,164.44168227100437,49923000
2023-04-19,165.9563751220703,166.48108235627174,163.8872303481945,164.14464415802902,47720200
2023-04-20,164.9861602783203,166.19398100625685,163.90704646438456,164.43175373561738,52456400
2023-04-21,163.3724365234375,164.78815208279067,162.8477292777316,163.40213579346278,58337300
2023-04-24,163.6793212890625,163.94662979672654,162.25369605677815,163.35261424779375,41949600
2023-04-25,162.13491821289062,164.64955210777222,162.09530911482935,163.5407390651718,48714100
2023-04-26,162.12501525878906,163.62984381357916,161.1746083552498,161.43200707778223,45498800
2023-04-27,166.72857666015625,166.8770729984066,163.54072434320634,163.54072434320634,64902300
2023-04-28,167.98590087890625,168.15421688581486,166.2038842356674,166.80779457565893,55209200
2023-05-01,167.8968048095703,168.74821914844807,166.95629265889536,167.5899022757501,52472900
2023-05-02,166.8572998046875,168.6492415594711,165.86728374647268,168.3918277162097,48425700
2023-05-03,165.77818298339844,169.21353985292495,165.4910849784499,167.80771888799373,65136000
2023-05-04,164.13473510742188,165.3722550253471,162.66951575440282,163.24372680909343,81235400
2023-05-05,171.8370819091797,172.55978934902075,169.0551242996228,169.27292902501793,113316400
2023-05-08,171.7677459716797,172.1142575536809,170.3916245765101,170.7579255984111,55962800
2023-05-09,170.0550537109375,171.80737116626167,169.88675280256177,171.3222729910744,45326900
2023-05-10,171.82717895507812,172.29248769554175,170.1837487273319,171.29257694818676,53724500
2023-05-11,172.01527404785156,172.84688383352895,170.4510470092042,172.11428168700377,49514700
2023-05-12,171.0833740234375,172.5605284867848,169.52689179090092,172.1243165202818,45497800
2023-05-15,170.5876922607422,171.71787100649163,169.99285497252012,171.6682987112497,37266700
2023-05-16,170.5876922607422,171.64846676768477,170.3200139683082,170.5083796138232,42110300
2023-05-17,171.20233154296875,171.4402543357864,168.9518826544196,170.23077817517168,57951600
2023-05-18,173.5419921875,173.73035780662187,171.09326939359272,171.50964938607018,65496700
2023-05-19,173.65106201171875,174.8704617599002,173.43295602393476,174.8704617599002,55772400
2023-05-22,172.69931030273438,173.20492646986477,171.95577135327312,172.48120433403864,43570900
2023-05-23,170.0820770263672,171.8864057178537,169.8044903241909,171.6385593675291,50747300
2023-05-24,170.3596649169922,170.9346702690374,169.05104404436648,169.61612586083143,45143500
2023-05-25,171.499755859375,172.4019050243478,170.21095188854838,170.92475054539574,56058300
2023-05-26,173.91871643066406,174.2557989304357,171.61871039409903,171.82690796374212,54835000
2023-05-30,175.7726287841797,177.44807247659148,175.04892170114425,175.43556138959772,55964400
2023-05-31,175.72303771972656,177.80495282122013,175.2372534954211,175.80235035598085,99625300
2023-06-01,178.53857421875,178.56831456742498,175.4057930547119,176.16916396782793,68901800
2023-06-02,179.3911590576172,180.21401063542314,177.7157155545107,179.47047169338217,61945900
2023-06-05,178.03297424316406,183.35670847100744,176.50623240767692,181.05670243794387,121946500
2023-06-06,177.66616821289062,178.56831734898336,175.90148844243106,178.41961560329207,64848400
2023-06-07,176.28814697265625,179.64894264257165,175.79245430672572,176.90280103766142,61944600
2023-06-08,179.01446533203125,179.2821284929526,175.93125619506344,176.367453055308,50214900
2023-06-09,179.40106201171875,180.66011025079294,179.07390309947007,179.93640333254774,48870700
2023-06-12,182.2067108154297,182.30585540353945,179.41101193334958,179.7084305703386,54274900
2023-06-13,181.7308349609375,182.5635949733869,180.86833459999627,181.2252339092373,54929100
2023-06-14,182.3653564453125,182.80156847790326,180.45198972557984,181.79035105029212,57462900
2023-06-15,184.40757751464844,184.91319370821412,182.19679249165128,182.37524971506843,65433200
2023-06-16,183.32696533203125,185.37914013584773,182.68257094685526,185.12137027990616,101235600
2023-06-20,183.41619873046875,184.4968202621219,182.82137659501507,182.82137659501507,49799100
2023-06-21,182.37525939941406,183.8127651610623,181.01705115534045,183.30714894064778,49515700
2023-06-22,185.38905334472656,185.43862563579464,182.0877384404729,182.15714267343606,51245300
2023-06-23,185.0718231201172,185.94424713129428,183.41621128242684,183.9515678810459,53079300
2023-06-26,183.67393493652344,186.4299845027623,183.63427105835956,185.22049338349638,48088700
2023-06-27,186.43991088867188,186.7670698420573,184.07050070567323,184.28860667459685,50730800
2023-06-28,187.61965942382812,188.26405378835105,185.9838798047539,186.311023626698,51216800
2023-06-29,187.95675659179688,188.43263248114428,187.312362125066,187.45115547762376,46347300
2023-06-30,192.2990264892578,192.80462759541973,189.6123654098311,189.97918829297507,85069600
2023-07-03,190.8020477294922,192.20981323378058,190.10806582219766,192.11066863921243,31458200
2023-07-05,189.68174743652344,191.3175270975779,188.97785723169864,189.91968534956396,46920300
2023-07-06,190.15760803222656,190.36580559694158,187.57009184775086,188.20457782150964,45094300
2023-07-07,189.037353515625,191.01021583133178,188.60115666342472,189.76107572138073,46778000
2023-07-10,186.98519897460938,188.35331565327752,185.42871665150543,187.62959342704087,59922200
2023-07-11,186.45977783203125,187.66926929498567,184.99253159711697,187.53047593664704,46638100
2023-07-12,188.13519287109375,190.04855924155865,186.84638895388292,188.0459566971953,60750200
2023-07-13,188.89854431152344,189.54295381895912,188.1450969456968,188.85889555641208,41342300
2023-07-14,189.04727172851562,189.53304086059518,187.99640569502964,188.59122781892412,41573900
2023-07-17,192.31883239746094,192.64599134916114,190.1576046603519,190.2468257033596,50520200
2023-07-18,192.06109619140625,192.65593350366643,190.76238369122416,191.6843800124933,48353800
2023-07-19,193.41928100585938,196.52230675519328,190.99037488225764,191.4365103758755,80507300
2023-07-20,191.4662628173828,194.77748634801802,190.84168518874347,193.40936968617578,59581200
2023-07-21,190.28651428222656,193.29041080540085,189.5826239989074,192.42791035637276,71917800
2023-07-24,191.08953857421875,193.2309346993088,190.59384586715203,191.74385657810865,45377800
2023-07-25,191.9520263671875,192.7649696142135,191.25805964859208,191.66453127210508,37283200
2023-07-26,192.82444763183594,193.95462630849192,191.6546201978147,192.0015959886147,47471900
2023-07-27,191.5554656982422,195.50117489112708,190.89123937354253,194.33134751765755,47460200
2023-07-28,194.1429901123047,194.9361013981904,192.46754649179775,192.99297950413737,48291400
2023-07-31,194.75765991210938,194.79732379964574,193.57790885902568,194.3710202090042,38824100
2023-08-01,193.92489624023438,195.03524303340677,193.5977372471017,194.5494738750641,35175100
2023-08-02,190.92098999023438,193.4985827896997,190.1972829299724,193.3597894476311,50389300
2023-08-03,189.5231475830078,190.71280705310875,189.04728682043563,189.91971082460205,61235200
2023-08-04,180.4222412109375,185.76580811380504,180.3528369691908,183.92183059501792,115799700
2023-08-07,177.30926513671875,181.55239296699656,175.8221872019764,180.5610076771683,97576100
2023-08-08,178.25108337402344,178.71703568412062,176.05020675575068,178.14203038384454,67823000
2023-08-09,176.65496826171875,179.37135459798415,175.48512561412892,179.3118738938821,60378500
2023-08-10,176.43685913085938,179.1929093058464,176.07005137717866,177.93384562444598,54686900
2023-08-11,176.49639892578125,177.32036168980022,175.26543082107975,176.02983256684112,51988100
2023-08-14,178.15428161621094,178.38260392804418,176.01991561712387,176.67511718788185,43675600
2023-08-15,176.15890502929688,178.1741339293912,175.76182141117968,177.5785085022154,43622600
2023-08-16,175.28530883789062,177.24096145960885,175.2158108770956,175.84123193317788,46964900
2023-08-17,172.7340087890625,176.2184652373002,172.21778796969687,175.8511621348624,66062900
2023-08-18,173.22044372558594,173.8260060676773,170.70885281849434,171.04637539663875,61114200
2023-08-21,174.5605926513672,174.84849110751958,172.47588124297116,173.79620604217206,46311900
2023-08-22,175.9404754638672,176.38719824747957,174.96761015656983,175.77171419662545,42084200
2023-08-23,179.8022003173828,180.2290795956185,177.0325064942749,177.22112651388355,52722800
2023-08-24,175.09666442871094,179.78232293288016,174.72934624726201,179.35544373491686,54945800
2023-08-25,177.31045532226562,177.84651968096887,174.54076169805765,176.08940889849805,51449600
2023-08-28,178.87896728515625,179.27605088665493,177.25090028258217,178.77968881089737,43820700
2023-08-29,182.7803497314453,183.55467328918405,178.19396940518234,178.39251118833664,53003900
2023-08-30,186.28468322753906,186.48324017846022,183.39586742396716,183.59440922711968,60813900
2023-08-31,186.5030517578125,187.7439567493299,186.1158900063697,186.47327124983738,60794500
2023-09-01,188.0814971923828,188.538141753245,186.91007498628073,188.11127770079705,45732600
2023-09-05,188.3197479248047,188.5977094450193,186.24495831042893,186.91008160149724,45280000
2023-09-06,181.5791473388672,187.4759302206488,180.1496223799182,187.02919231015284,81755800
2023-09-07,176.26808166503906,176.91336139268128,172.27732670257566,173.90539355501954,112488800
2023-09-08,176.88357543945312,178.9285998393183,176.4964136407334,177.05235186894313,65551300
2023-09-11,178.0550079345703,178.98817107904816,176.04970086757123,178.7598487610702,58953100
2023-09-12,175.0172576904297,178.81939272059032,173.5480302988034,178.18404991763566,90370200
2023-09-13,172.94247436523438,176.00998823848755,172.7141369128852,175.22572770658326,84267900
2023-09-14,174.46133422851562,174.81871550108795,172.3170465930817,172.73398888645488,60895800
2023-09-15,173.73663330078125,175.2157976120051,172.55530438661506,175.1959388893145,109205100
2023-09-18,176.67510986328125,178.07485448429676,174.8882034479176,175.19594549627539,67257600
2023-09-19,177.76708984375,178.32301284726324,175.84120290460362,176.2283646497479,51826900
2023-09-20,174.21315002441406,178.3925098170354,174.1237933470795,177.95570880879336,58436200
2023-09-21,172.66448974609375,175.01725608596104,172.59500693822505,173.27998896827123,63047900
2023-09-22,173.5182342529297,175.79158086544706,172.7836281326413,173.39911221131908,56725400
2023-09-25,174.7988739013672,175.68239780791916,172.88290837390605,172.93254761202513,46172700
2023-09-26,170.70883178710938,173.92524796713502,170.41101154694528,173.54802313417602,64588900
2023-09-27,169.18995666503906,171.78096710415326,167.8200077433672,171.36402481079512,66921800
2023-09-28,169.4480743408203,170.77832096236608,166.40040416763804,168.1078907839796,56294400
2023-09-29,169.9643096923828,171.81077723148027,169.10062937476448,170.76841383641792,51814200
2023-10-02,172.4857940673828,173.03179529398386,169.6863051315917,169.9742035727841,52164500
2023-10-03,171.14561462402344,172.36667607241205,169.5771240058018,171.0066338674304,49594600
2023-10-04,172.39646911621094,172.94247039530038,169.7260388902924,169.8451609338146,53020300
2023-10-05,173.6373748779297,174.17343922355133,171.42358924241523,172.52551359241795,48527900
2023-10-06,176.1986083984375,176.69497045530053,171.91995474415313,172.53545399514545,57224100
2023-10-09,177.68768310546875,177.74724412480685,174.52089096334598,175.52353680032698,42390800
2023-10-10,177.09205627441406,178.4123811800482,176.65525523522464,176.8041729428218,43698000
2023-10-11,178.49179077148438,178.54143000452555,176.30780084757703,176.90342620076967,47551100
2023-10-12,179.3951873779297,181.01331743803624,177.73732472140046,178.759844529376,56743100
2023-10-13,177.54872131347656,180.60629838312414,176.84388049788197,180.10001451689263,51427100
2023-10-16,177.41964721679688,177.7770284883398,175.22572035442593,175.46397958471027,52517000
2023-10-17,175.86105346679688,177.12181720914745,173.52816111664285,175.3646914585386,57549400
2023-10-18,174.5605926513672,176.28793794498117,173.83590833900334,174.30248985254676,54764400
2023-10-19,174.18338012695312,176.54605322348112,173.91534037415258,174.75914678442408,59302900
2023-10-20,171.6221466064453,174.14365914589465,171.38388737014972,174.03445888939677,64189300
2023-10-23,171.74127197265625,172.7439178760632,168.69360166729962,169.66648220683237,55980100
2023-10-24,172.17807006835938,172.4063923696406,170.20254365913797,171.7909082758531,43816600
2023-10-25,169.8551025390625,171.80083332633419,169.4083645680371,170.62942613878033,57157000
2023-10-26,165.67572021484375,170.13305676328346,164.4645956319317,169.1303957533013,70625300
2023-10-27,166.99603271484375,167.73065392902063,165.61614695891157,165.69556669674958,58499100
2023-10-30,169.0509796142578,169.92458166587582,167.64131321590813,167.7902309189435,51131000
2023-10-31,169.52749633789062,169.6565401685357,166.67836791176023,168.11782995408234,44846000
2023-11-01,172.70420837402344,172.9623111800798,168.88221462983017,169.75581666227828,56934900
2023-11-02,176.27801513671875,176.48647870246754,174.18336680542194,174.2429278242073,77334800
2023-11-03,175.36468505859375,175.53346146527645,172.08870804185926,172.97223177840408,79763700
2023-11-06,177.92591857910156,178.12446034988363,174.9279030004302,175.09666426298327,63841300
2023-11-07,180.49708557128906,181.11256960611928,177.66781610245852,177.87627966042598,70530000
2023-11-08,181.55931091308594,182.11523398810698,180.26876654734838,181.023246561535,49340300
2023-11-09,181.08277893066406,182.7803283984379,180.48713850295357,181.62878013143776,53763500
2023-11-10,185.2875518798828,185.4565506612299,182.43468499907056,182.87206148972973,66133400
2023-11-13,183.69711303710938,184.91976812620925,183.11063780884533,184.7110299042217,43627500
2023-11-14,186.3213348388672,186.98733436699092,185.1881391216873,186.57977766288278,60108400
2023-11-15,186.887939453125,188.36905250310778,186.65931635404164,186.72890587030213,53790500
2023-11-16,188.57781982421875,189.82035984023278,187.52413314974999,188.43865594913416,54412900
2023-11-17,188.55792236328125,189.24380683321974,187.44461143684416,189.11457782649978,50922700
2023-11-20,190.30740356445312,190.76466491067268,188.7467813740569,188.75671623264228,46505100
2023-11-21,189.5022430419922,190.37699597796984,188.60762038854105,190.26765186097265,38134500
2023-11-22,190.16824340820312,191.77857025832532,189.6911123355231,190.34717704028523,39617700
2023-11-24,188.83624267578125,189.76068506922263,188.1205384889839,189.73086532541635,24048300
2023-11-27,188.6573028564453,189.53205575999598,187.77261509452617,188.78653185384877,40552600
2023-11-28,189.263671875,189.9396214691522,188.26963995303524,188.64737693705334,38415400
2023-11-29,188.23980712890625,190.9435749821963,187.84220045483752,189.76067465041663,43014200
2023-11-30,188.8163604736328,189.1841625986753,187.06686975200412,188.70701635554832,48794400
2023-12-01,190.09866333007812,190.41674564636727,188.10064953196948,189.19409067360718,45679300
2023-12-04,188.29946899414062,188.91577913023963,186.33128993843854,188.84618961175903,43389500
2023-12-05,192.26565551757812,193.23980256929687,189.0449865799245,189.07482149235318,66628400
2023-12-06,191.1722412109375,193.59766654612127,190.9634878174767,193.2895190534562,41089700
2023-12-07,193.110595703125,193.83623479668313,192.43464607405332,192.4744158469115,47477700
2023-12-08,194.5419921875,194.8203199094653,192.5141585929263,193.04099429291227,53377300
2023-12-11,192.02706909179688,192.3352317119437,190.27757846347603,191.957494748212,60943700
2023-12-12,193.5479736328125,193.5579084922386,190.5758125501861,191.92769665062553,52696900
2023-12-13,196.778564453125,196.8183190559037,193.68712459255818,193.925682544677,70404200
2023-12-14,196.9276580810547,198.42864077264184,194.98929893159502,196.83819885132337,66831600
2023-12-15,196.39089965820312,197.2159328291742,195.82429416614897,196.3511298862745,128256700
2023-12-18,194.72091674804688,195.45650584640038,193.22986883323685,194.91972010314345,55751900
2023-12-19,195.7646484375,195.77458329630363,194.72091188963017,194.98930475456203,40714100
2023-12-20,193.66725158691406,196.50023361616374,193.66725158691406,195.72488988877126,52242800
2023-12-21,193.5181121826172,195.90379770975298,192.34516188676014,194.9296507492267,46482500
2023-12-22,192.44459533691406,194.24379077463595,191.8183503425399,194.01515250091973,37122800
2023-12-26,191.8978729248047,192.73285613100865,191.67918468017166,192.45452839560733,28919300
2023-12-27,191.9972686767578,192.34518593287333,189.94956524818429,191.34121910492223,48087700
2023-12-28,192.42469787597656,193.49825415286705,192.01714115491455,192.98135331561093,34049900
2023-12-29,191.38096618652344,193.23980104114617,190.58573760932344,192.7427850763616,42628800
2024-01-02,184.53207397460938,187.3153662175252,182.79251821875232,186.03305662356883,82488700
2024-01-03,183.150390625,184.77066759112085,182.3352771284137,183.1205708792931,58414500
2024-01-04,180.82437133789062,181.99732186004985,179.80051955406512,181.06292931922462,71983600
2024-01-05,180.09869384765625,181.6692660827433,179.09472708075188,180.90387243418792,62303300
2024-01-08,184.4525604248047,184.49233019548157,180.41679326133186,181.0032684531674,59144500
2024-01-09,184.03506469726562,184.04499955584959,181.63944418662982,182.82234457021028,42841800
2024-01-10,185.0788116455078,185.2875498615879,182.82235486658107,183.24979649333252,46792900
2024-01-11,184.48239135742188,185.93368472067908,182.52414714521402,185.42671870400414,49128400
2024-01-12,184.81040954589844,185.6255229866903,184.08477050382692,184.9495734055796,40444700
2024-01-16,182.53407287597656,183.16030262539027,179.85017475552078,181.07284484780743,65603000
2024-01-17,181.58973693847656,181.83824490899738,179.22395137316974,180.18816351220838,47317400
2024-01-18,187.50425720214844,188.01120805146246,184.72096462518135,184.97940747954695,78005800
2024-01-19,190.416748046875,190.80441988057507,187.69311035236996,188.2000611602168,68741000
2024-01-22,192.73284912109375,194.16425751836653,191.11257223144145,191.15234200232317,60133900
2024-01-23,194.01515197753906,194.58175747905844,192.67321792314553,193.8561183903394,42355600
2024-01-24,193.33920288085938,195.20798769039715,193.18015413797895,194.25371040083746,53631300
2024-01-25,193.01116943359375,195.0986424607324,191.95749806154728,194.0549059471631,54822100
2024-01-26,191.27163696289062,193.59766821896898,190.7945058465033,193.1106022428928,44594000
2024-01-29,190.5857391357422,191.05293535979936,188.44857653714126,190.8640668648328,47145600
2024-01-30,186.9177703857422,190.6553404086777,186.35118003362723,189.80047228297695,55859400
2024-01-31,183.2994842529297,185.98338263365994,183.24979478995033,185.92372797618197,55467800
2024-02-01,185.7448272705078,185.83428651369454,182.7229765480854,182.8919601744576,64885400
2024-02-02,184.74082946777344,186.21199239128737,178.1802130458578,178.78657309445222,102518000
2024-02-05,186.55990600585938,188.120543422021,184.73089088840356,187.02710222804,69668800
2024-02-06,188.17025756835938,188.18019242781668,185.6553578627436,185.74481710103248,43490800
2024-02-07,188.27960205078125,189.9098139006124,187.48437342868021,189.5022571462235,53439000
2024-02-08,187.19610595703125,188.40881099372643,186.23189374257132,188.25971226684047,40962000
2024-02-09,187.9624786376953,189.0971204380579,187.11646725876852,187.76340641648085,45155200
2024-02-12,186.2704620361328,187.78332288230948,185.91215328801408,187.53449778464588,41781900
2024-02-13,184.1703643798828,185.33487911795885,182.64755610649428,184.89694454758455,56529500
2024-02-14,183.2845458984375,184.65806518525375,181.58259087415234,184.44906062504626,54630500
2024-02-15,182.9959259033203,183.62296999377594,180.4977274519665,182.68738521978767,65434500
2024-02-16,181.45318603515625,183.981257173353,180.81619448303394,182.5579699194549,49701400
2024-02-20,180.70672607421875,181.5726325042779,179.15405998428736,180.93564089848354,53665600
2024-02-21,181.4631805419922,182.03049388623003,179.81097819372195,181.08496152111414,41529700
2024-02-22,183.50352478027344,184.09076354210745,181.60251261136847,182.6177080564135,52292200
2024-02-23,181.66221618652344,184.17036202409395,181.37357059288817,184.1405042298665,45119700
2024-02-26,180.30862426757812,181.90109579673225,179.80101134340092,181.38355052297356,40867400
2024-02-27,181.77169799804688,183.05562869813585,178.71611879819,180.24888975946536,54318900
2024-02-28,180.5673828125,182.25939032452453,179.28345207788615,181.6522565198894,48953900
2024-02-29,179.90052795410156,181.71198177710176,178.6862603817135,180.41808835882694,136682600
2024-03-01,178.815673828125,179.6815803178056,176.54639012704013,178.7061901764464,73488000
2024-03-04,174.27708435058594,176.0686126971914,172.97322823226915,175.32213749041347,81510100
2024-03-05,169.32049560546875,171.2314705105848,168.82284541599856,169.95748724050745,95132400
2024-03-06,168.32518005371094,170.43522699407845,167.88724549652,170.256065044738,68587700
2024-03-07,168.2057647705078,169.92763018116116,167.6981670423948,168.35505375316498,71765100
2024-03-08,169.9276123046875,172.88365534695112,168.1460314883945,168.20574707517525,76114600
2024-03-11,171.93814086914062,173.56048535052068,171.2414336396481,172.12725037151972,60139500
2024-03-12,172.41586303710938,173.2121062975323,170.20629520329734,172.3362371923594,59825400
2024-03-13,170.3257598876953,172.37607625258147,169.95748841772314,171.9580519129805,52488700
2024-03-14,172.1869659423828,173.49080701178275,171.2414336176872,172.0973925529764,72913500
2024-03-15,171.80874633789062,171.80874633789062,169.48969463541124,170.3655638276482,121664700
2024-03-18,172.903564453125,176.87481800543844,172.70450743615612,174.74487603101005,75604200
2024-03-19,175.2524871826172,175.77999515234478,172.2168180823409,173.52065910891577,55215200
2024-03-20,177.830322265625,177.830322265625,174.26714497871419,174.89418909629194,53423100
2024-03-21,170.5646209716797,176.65586961417029,170.03711298613993,176.2179350177799,106181300
2024-03-22,171.47035217285156,172.23673773536032,169.26078406375387,170.95279171103329,71106600
2024-03-25,170.0470733642578,171.13194711675717,168.65364374159117,169.76839047714014,54288300
2024-03-26,168.91244506835938,170.61440032318552,168.78305115074727,169.20107551486385,57388400
2024-03-27,172.49549865722656,172.78414425918754,169.31054062211945,169.609133760084,60273300
2024-03-28,170.67410278320312,171.4205780589011,169.70866021166748,170.94283813483634,65672700
2024-04-01,169.23092651367188,170.4451942217802,168.68350825393796,170.38547862745995,46240500
2024-04-02,168.04649353027344,168.54414366405445,167.43935975957754,168.28537106183597,49329500
2024-04-03,168.85269165039062,169.8778497555363,167.78772821512752,167.99673277562965,47691700
2024-04-04,168.02662658691406,171.1120488206033,168.02662658691406,169.4897042530356,53704400
2024-04-05,168.78302001953125,169.58921080070664,168.15597599547186,168.7929675547899,42055200
2024-04-08,167.65834045410156,168.40481571452685,167.4493358859462,168.23561647794648,37425500
2024-04-09,168.8726043701172,169.2806811483862,167.55881583801002,167.90716183961618,42451200
2024-04-10,166.99148559570312,168.29532657810816,166.3246362072623,168.0066961691415,49709300
2024-04-11,174.21737670898438,174.63541624491384,167.36972023014152,167.5488670137579,91070300
2024-04-12,175.72027587890625,177.52176704196785,173.39127675717174,173.44102962389059,101593300
2024-04-15,171.87840270996094,175.7998881273465,171.68929323241036,174.53585255667426,73531800
2024-04-16,168.583984375,172.94338974194338,167.47920033817573,170.94284143183614,73711200
2024-04-17,167.21046447753906,169.84800441976404,167.21046447753906,168.81289870293196,50901200
2024-04-18,166.2549591064453,167.8474456964944,165.7672716683895,167.24031189258443,43122900
2024-04-19,164.2245635986328,165.6179780634261,163.3088890664717,165.42888374733738,67772100
2024-04-22,165.0605926513672,166.4739172082034,163.99562926284756,164.74210446317437,48116400
2024-04-23,166.1156005859375,166.26490473113174,164.14491040339777,164.5728973951299,49537800
2024-04-24,168.2256622314453,168.50434510258808,165.42887079721268,165.75730653407012,48251800
2024-04-25,169.09158325195312,169.80820075027214,167.3597550998357,168.73327450279362,50558300
2024-04-26,168.5043487548828,170.53475474394267,168.38490238817732,169.081624768213,44838400
2024-04-29,172.68460083007812,175.20270935632288,172.28648678772151,172.55520693212748,68169400
2024-04-30,169.52951049804688,174.1676137755898,169.20105955998108,172.51541154910535,65934800
2024-05-01,168.5043487548828,171.89832652202932,168.31523926242042,168.78303163206596,50383100
2024-05-02,172.21681213378906,172.60497864880503,170.08687006909776,171.69925171807526,94214900
2024-05-03,182.51817321777344,186.12115543095717,181.80155578938326,185.7727942523785,163224100
2024-05-06,180.8560333251953,183.3343214775735,179.5720873686165,181.4930249418685,78569700
2024-05-07,181.5427703857422,184.0310211595987,180.46785941606433,182.58783874817743,77305800
2024-05-08,181.8811798095703,182.20963072654146,180.5972339353124,181.9906634485607,45057100
2024-05-09,183.7025909423828,183.79216432803474,181.25414542501753,181.70202754035518,48983000
2024-05-10,182.43682861328125,184.46998840191682,181.51991222172592,184.28062242398164,50759500
2024-05-13,185.65602111816406,186.47328168344126,184.00157793065927,184.81883849593646,72044800
2024-05-14,186.8021697998047,187.66926595480425,185.6659889969534,186.8819036535792,52393600
2024-05-15,189.08450317382812,190.0113806876588,186.74236879853999,187.28056849688068,70400000
2024-05-16,189.2041015625,190.45989075478766,189.02471179656044,189.83199615864385,52845200
2024-05-17,189.2340087890625,190.17086260921994,188.5463175718117,188.87521403256983,41282900
2024-05-20,190.40008544921875,191.27714266640717,188.37688635675946,188.69582178398366,44361300
2024-05-21,191.70570373535156,192.08442053272114,190.28048580582154,190.44991454290118,42309400
2024-05-22,190.26055908203125,192.17414127105863,189.63267965869522,191.6259804985601,34648500
2024-05-23,186.25401306152344,190.36020743395642,186.0048504863481,190.34027016979292,51005900
2024-05-24,189.3436279296875,189.94162421863646,187.41012383078694,188.1875250894915,36294600
2024-05-28,189.35360717773438,192.35351928350596,188.4665889665476,190.868504773859,52280100
2024-05-29,189.652587890625,191.6060292626522,188.8752018363686,188.97487295416659,53068000
2024-05-30,190.6492462158203,191.53626445370173,189.99146851693155,190.12102272627732,49947900
2024-05-31,191.6060333251953,191.92496874276912,189.27387511297837,190.79874896001851,75158300
2024-06-03,193.3800506591797,194.33684160969634,191.8751142263389,192.25383098769495,50080500
2024-06-04,193.69898986816406,194.66574186569684,192.38340418619828,193.98801176077237,47471400
2024-06-05,195.21389770507812,196.24044634116564,194.2172473626493,194.74547082752238,54156800
2024-06-06,193.82855224609375,195.84179017422778,193.5195930765027,195.03450583879902,41181800
2024-06-07,196.23048400878906,196.28031956711487,193.48969558531903,193.99798178181695,53103900
2024-06-10,192.4730987548828,196.63910486677477,191.50634675889475,196.2404356269631,97262100
2024-06-11,206.45611572265625,206.46609195915696,192.9814138224934,193.00133588013964,172373300
2024-06-12,212.35630798339844,219.46241499269527,206.20696163392407,206.67538853844061,198134300
2024-06-13,213.52236938476562,216.02395620562416,210.89121315624297,214.02069454325613,97862700
2024-06-14,211.77822875976562,214.44924427717243,210.59221246372425,213.13367378271622,70122700
2024-06-17,215.94422912597656,218.21659070332575,212.0074632920053,212.65527993528355,93728300
2024-06-18,213.5721893310547,217.89766325641614,212.28651711595563,216.86113841241473,79943300
2024-06-20,208.97764587402344,213.5223844137921,208.15043943546107,213.21341001933183,86172500
2024-06-21,206.79498291015625,211.18023828891836,206.41625091745033,209.6852627905662,246421400
2024-06-24,207.4427947998047,211.98751777765062,205.89798377862786,207.02420349475855,80727000
2024-06-25,208.36968994140625,210.67194975002218,207.91122410230182,208.44940858434205,56713900
2024-06-26,212.5356903076172,214.1402980033581,209.9344322470105,210.79155216910215,66213200
2024-06-27,213.3828582763672,215.01736433595826,211.63872006367095,213.97087836680484,49772700
2024-06-28,209.9144744873047,215.34623061165473,209.5955543096767,215.0472324898511,82542700
2024-07-01,216.02395629882812,216.78140506529675,211.2101334408119,211.37956216985054,60402900
2024-07-02,219.53216552734375,219.64179766849512,214.3794853085834,215.42595595595571,58046200
2024-07-03,220.80789184570312,220.80789184570312,218.29632866276663,219.26308073535034,37369800
2024-07-05,225.5818328857422,225.69146503075916,220.90754038733803,220.90754038733803,60412400
2024-07-08,227.056884765625,227.08678305881674,222.50218547217585,226.32931907748747,59085900
2024-07-09,227.9139862060547,228.631575647805,225.6117264169712,227.1664984715379,48076100
2024-07-10,232.1995849609375,232.2992560750062,228.48208356286247,228.53191911989683,62627700
2024-07-11,226.80772399902344,231.61157070495582,225.01375035477759,230.61492037011672,64710600
2024-07-12,229.76776123046875,231.86073301422448,227.91399100155513,228.1531925563972,53046500
2024-07-15,233.61483764648438,236.43535998230433,232.3092281117703,235.68787221439834,62631300
2024-07-16,234.033447265625,235.4785872610991,231.55178236868576,234.21283703260292,43234300
2024-07-17,228.1133270263672,230.68468664215072,225.88082486496336,228.68140979310064,57345900
2024-07-18,223.42906188964844,229.66810263837593,221.52547133243425,229.50863493701104,66034600
2024-07-19,223.55862426757812,226.04028896611686,222.5320756847993,224.06692564873424,49151500
2024-07-22,223.20980834960938,227.01700459563804,222.34271224556252,226.24957960487185,48201800
2024-07-23,224.25628662109375,226.17982967750157,221.93408951337017,223.61843101438217,39960300
2024-07-24,217.80795288085938,224.04699357799979,216.40268749627205,223.24967028544495,61777600
2024-07-25,216.76148986816406,220.11023564894725,213.9010930254534,218.19665359620475,51391200
2024-07-26,217.2299041748047,218.75477790382115,215.2864239407029,217.96741565742542,41601300
2024-07-29,217.50897216796875,218.5654190781,215.0273073866339,216.23326096996,36311800
2024-07-30,218.0670928955078,219.59196666736065,215.3960621319004,218.45578591171193,41643800
2024-07-31,221.3361053466797,223.07028238181744,219.89096542123676,220.6982497488722,50036300
2024-08-01,217.62857055664062,223.72806581879624,216.29306274041448,223.61843367222977,62501000
2024-08-02,219.12353515625,224.84431334230803,216.98074309833058,218.41590675319648,105568600
2024-08-05,208.5690155029297,212.7848420736874,195.34346157584417,198.42310739676375,119548600
2024-08-06,206.5358428955078,209.28660752946874,200.39648844230862,204.61231506511243,69660500
2024-08-07,209.1171875,212.9243839975228,205.69866882998738,206.2069550428707,63516400
2024-08-08,212.59547424316406,213.4824924067945,208.13048513245963,212.39614722358988,47161100
2024-08-09,215.51568603515625,216.05387055494424,211.259984607228,211.38955402452135,42201600
2024-08-12,217.0522918701172,219.02793942662467,215.12653755613,215.59550663031672,38028100
2024-08-13,220.78407287597656,221.40270642093424,218.52902632127157,218.52902632127157,44155300
2024-08-14,221.23309326171875,222.54021400164925,219.21752501736546,220.08562480803565,41960600
2024-08-15,224.22650146484375,224.8551228159093,222.27079905335071,224.10676986474735,46414000
2024-08-16,225.5535888671875,226.33187474025672,223.15885022096822,223.42826155403992,44340200
2024-08-19,225.39393615722656,225.4937226434457,222.5501887780633,225.2243113108782,40687800
2024-08-20,226.0125732421875,226.6711275207631,224.95490346311303,225.27420804373648,30299000
2024-08-21,225.90280151367188,227.47933353511345,224.5557753561492,226.02254833732334,34765500
2024-08-22,224.03692626953125,227.8385569948794,223.4083048904395,227.28976176117078,43695300
2024-08-23,226.3418426513672,227.7188169640382,223.83736023691762,225.16444130741013,38677300
2024-08-26,226.68109130859375,226.7808777924977,223.39832305195915,226.2620154817008,30602200
2024-08-27,227.5292205810547,228.3474270817302,224.39611696496783,225.5036798955901,35934600
2024-08-28,225.99261474609375,229.35520907583674,225.18438078371824,227.4194670399241,38052200
2024-08-29,229.28536987304688,232.4085012026452,228.37737982242845,229.59470189609323,51906300
2024-08-30,228.49710083007812,229.89402024722435,226.98043458769098,229.6844899472923,52990800
2024-09-03,222.28077697753906,228.49709095305272,220.68428466242796,228.04808224732741,50190600
2024-09-04,220.36500549316406,221.29295584608857,217.0023958735564,221.17322424578342,43840200
2024-09-05,221.89163208007812,224.98481497811864,221.03352013282222,221.14327916881817,36615400
2024-09-06,220.3350830078125,224.74537478911404,219.28738577978086,223.4581991238727,48423000
2024-09-09,220.42486572265625,220.7840757397734,216.23409233980902,220.33506702469683,67180000
2024-09-10,219.6266326904297,220.99361925876318,216.25405039598212,218.4392435287618,51591000
2024-09-11,222.1710205078125,222.6000688776049,217.4114916314568,220.9736588702828,44587100
2024-09-12,222.28077697753906,223.059062794204,219.33725854525207,222.01136566399225,37498200
2024-09-13,222.01138305664062,223.5479944694599,221.42268236911949,223.08901316997165,36766600
2024-09-16,215.84495544433594,216.74297289953918,213.4502168549942,216.0644583037111,59357400
2024-09-17,216.31390380859375,216.42366284814068,214.02893954474482,215.27619443719672,45519300
2024-09-18,220.20535278320312,222.22092099435915,217.06226125375574,217.07224903728172,59894900
2024-09-19,228.3673858642578,229.31531179988679,224.1367068474718,224.49591687958383,66781300
2024-09-20,227.6988525390625,232.57811312113958,227.12012443578536,229.46496974860833,318679900
2024-09-23,225.97265625,228.94610768522742,225.31410200503296,226.8407407931877,54146000
2024-09-24,226.8706817626953,228.8463445678705,225.2342838755063,228.14786961487798,43556100
2024-09-25,225.8728790283203,226.79085685048213,223.52804884217394,224.43603888049125,42308700
2024-09-26,227.02035522460938,227.99819881641105,224.9149883158055,226.80083714120576,36636700
2024-09-27,227.2897491455078,229.01596089620384,226.80083496693393,227.9582911728241,34026000
2024-09-30,232.4883270263672,232.4883270263672,229.14567760776433,229.53482055042815,54541900
2024-10-01,225.71324157714844,229.14567442683443,223.24866456606327,229.01597026460064,63285000
2024-10-02,226.281982421875,226.8706831083472,222.5302449869956,225.39393750024195,32880600
2024-10-03,225.17440795898438,226.3119038145279,222.82957789090332,224.64557310138042,34044200
2024-10-04,226.30194091796875,227.49930262356304,223.63780617480538,227.39951613756347,37245100
2024-10-07,221.20315551757812,225.1943712346882,220.84394549402703,224.0069821228032,39505400
2024-10-08,225.27420043945312,225.4837307412941,222.75973024040246,223.80742742544692,31855700
2024-10-09,229.03591918945312,229.24546472466872,224.33627096325682,224.73538646570117,33591100
2024-10-10,228.53701782226562,228.99601435408132,226.67112924406288,227.27979028338342,28183500
2024-10-11,227.05029296875,228.9062089337624,226.84074743911052,228.79644988971887,31759200
2024-10-14,230.79205322265625,231.22110160659443,228.09798564307096,228.19775690140833,39882100
2024-10-15,233.33645629882812,236.9684620133565,231.85969551276995,233.0969778733182,64751400
2024-10-16,231.27099609375,231.61024577942743,229.33525401328018,231.09139869260778,34082200
2024-10-17,231.6401824951172,233.3364614020046,230.0137723986246,232.9173703418766,32993800
2024-10-18,234.48391723632812,235.66131853389138,233.4960858911256,235.66131853389138,46431500
2024-10-21,235.96067810058594,236.32987592195377,233.9351372634737,233.9351372634737,36254500
2024-10-22,235.342041015625,235.70125104779564,232.08920560922664,233.376366009758,38846600
2024-10-23,230.25323486328125,234.62362105235994,227.25982300232985,233.56595129753524,52287000
2024-10-24,230.0636749267578,230.3131259260407,227.90841463888628,229.47495899723685,31109500
2024-10-25,230.9018096923828,232.7078323586645,229.0658541264054,229.23547896644118,38802300
2024-10-28,232.88743591308594,234.21451699403664,232.03931169048735,232.80762499530724,36087100
2024-10-29,233.15684509277344,233.815399347975,231.8098189074392,232.58810476348472,35417200
2024-10-30,229.5946807861328,232.95727501758805,229.04588560251634,232.09916306464564,47070900
2024-10-31,225.4138946533203,229.325284321648,224.8750719925984,228.83635490362704,64370100
2024-11-01,222.42047119140625,224.8551151455125,219.78626950218685,220.48472918772245,65276700
2024-11-04,221.52244567871094,222.3007315284092,219.2275088130919,220.5046966292777,44944500
2024-11-05,222.95928955078125,223.45819152571042,220.65436486265338,221.31291912362707,28111300
2024-11-06,222.23089599609375,225.5735453041769,220.7042571772517,222.12113695305962,54561100
2024-11-07,226.98043823242188,227.37956894750107,224.0768403097807,224.13670611072257,42137700
2024-11-08,226.7107391357422,228.4088689967903,226.16134014604208,226.92049995960826,38328800
2024-11-11,223.98373413085938,225.45212091614073,221.25673663335022,224.7528927426808,42005600
2024-11-12,223.98373413085938,225.34224111445195,223.11469448970428,224.30339000560164,40398300
2024-11-13,224.8727569580078,226.4010754152989,222.5153482196322,223.76397540644066,48566200
2024-11-14,227.9693603515625,228.61864039722624,224.7528954725484,224.77287777547028,44923900
2024-11-15,224.7528839111328,226.67077335813082,224.023689933323,226.15134020310103,47923700
2024-11-18,227.7695770263672,229.4876892234719,224.92270099550518,225.00261496304853,44686000
2024-11-19,228.02928161621094,229.90722171238716,226.41106572007726,226.73070634208972,36211800
2024-11-20,228.7484893798828,229.67746064503265,225.64190448211673,227.80951934283004,35169600
2024-11-21,228.26902770996094,229.90722593821596,225.46211628612434,228.6286329426038,42108300
2024-11-22,229.61753845214844,230.46661102927646,227.80952873867182,227.80952873867182,38168300
2024-11-25,232.61424255371094,232.99383009111634,229.48769048234254,231.2058026888721,90152800
2024-11-26,234.8018341064453,235.31128373473052,233.07373841155265,233.07373841155265,45986200
2024-11-27,234.67198181152344,235.43115689965902,233.55321672420507,234.21249554010248,33498400
2024-11-29,237.06935119628906,237.5488197625333,233.71304074851764,234.55211454995276,28481400
2024-12-02,239.3268585205078,240.52553753151284,236.89953466637493,237.00941446483552,48137100
2024-12-03,242.3834991455078,242.49337894569658,238.6376176509325,239.54662188503684,38861000
2024-12-04,242.74310302734375,243.84190102311462,240.9850414761411,242.60325739533934,44383900
2024-12-05,242.7730712890625,244.2714238935446,241.86408229295347,243.72204013219255,40033900
2024-12-06,242.5732879638672,244.3613305629988,241.8141281502541,242.6432183998472,36870600
2024-12-09,246.47900390625,246.96847124510987,241.48449521514058,241.56440918324205,44649200
2024-12-10,247.4978790283203,247.93739821602466,245.0705399660552,246.61884065291167,36914800
2024-12-11,246.2192840576172,250.52454792031958,245.98952569372008,247.68767076725757,45205800
2024-12-12,247.68768310546875,248.46682524629017,245.41017310687806,246.61885092340057,32777500
2024-12-13,247.85748291015625,249.01619729452798,245.96955931284188,247.54782582286595,33155300
2024-12-16,250.7642822265625,251.10392039685559,247.3780059899919,247.71764416028498,51694800
2024-12-17,253.20159912109375,253.5512208135588,249.50566587259755,249.80533943156328,51356400
2024-12-18,247.77757263183594,254.0007260278641,247.46791553993853,251.88305927654196,56774100
2024-12-19,249.51565551757812,251.72323503929724,246.81862390484895,247.22817727073837,60882300
2024-12-20,254.21051025390625,254.71994465608725,245.42017186050566,247.76758181309805,147495300
2024-12-23,254.98965454101562,255.36922684225433,253.17164603591402,254.49020366493687,40858800
2024-12-24,257.91644287109375,257.92641115938613,255.0096198916901,255.2094124344067,23234700
2024-12-26,258.7355041503906,259.81433504408284,257.34704665632455,257.90642916266114,27237100
2024-12-27,255.30929565429688,258.41589596104086,252.78207543596488,257.54682582842287,42355300
2024-12-30,251.9230194091797,253.22159473829512,250.47461491371794,251.95298524244893,35557500
2024-12-31,250.1449737548828,253.00183336212825,249.15605553782555,252.16275955239965,39480700
